[{"id":32,"description":"Office","values":{"Product_Usefulness":"-2","Comfort":"3","Outfit_Acceptance":"-35"},"imguri":"","layers":"Main","isDummy":false,"latlng":{"lat":307.60473926975635,"lng":679.5627005314477}},{"id":35,"description":"Play Beach Volley","values":{"Product_Usefulness":"3","Comfort":"-3","Outfit_Acceptance":"5"},"imguri":"","layers":"Main","isDummy":false,"latlng":{"lat":109.10900529622155,"lng":487.31312115607443}},{"id":38,"description":"Rest at home","values":{"Product_Usefulness":"-5","Comfort":"2","Outfit_Acceptance":"0"},"imguri":"","layers":"Main","isDummy":false,"latlng":{"lat":181.9015846503175,"lng":614.7812725809968}},{"id":41,"description":"Gym","values":{"Product_Usefulness":"2","Comfort":"-2","Outfit_Acceptance":"20"},"imguri":"","layers":"Main","isDummy":false,"latlng":{"lat":201.76164306900992,"lng":849.7821131385007}},{"id":44,"description":"Night Club","values":{"Product_Usefulness":"1","Comfort":"2","Outfit_Acceptance":"-30"},"imguri":"","layers":"Main","isDummy":false,"latlng":{"lat":245.62962473928985,"lng":378.46676484504286}},{"id":47,"description":"Mountain Hiking","values":{"Product_Usefulness":"4","Comfort":"-4","Outfit_Acceptance":"40"},"imguri":"","layers":"Main","isDummy":false,"latlng":{"lat":408.3132039307078,"lng":358.0145908301029}},{"id":50,"description":"Fancy Restaurant","values":{"Product_Usefulness":"1","Comfort":"1","Outfit_Acceptance":"-25"},"imguri":"","layers":"Main","isDummy":false,"latlng":{"lat":154.65687366276728,"lng":278.2776166371526}},{"id":53,"description":"Cinema","values":{"Product_Usefulness":"-3","Comfort":"2","Outfit_Acceptance":"5"},"imguri":"","layers":"Main","isDummy":false,"latlng":{"lat":243.54289286219094,"lng":771.6223502635377}},{"id":56,"description":"Play football","values":{"Product_Usefulness":"-2","Comfort":"-2","Outfit_Acceptance":"40"},"imguri":"","layers":"Main","isDummy":false,"latlng":{"lat":276.62266188138665,"lng":216.11901351860993}},{"id":59,"description":"Theater","values":{"Product_Usefulness":"-2","Comfort":"2","Outfit_Acceptance":"-10"},"imguri":"","layers":"Main","isDummy":false,"latlng":{"lat":234.62336341151646,"lng":585.9312157407037}}]