<xml xmlns="http://www.w3.org/1999/xhtml"><block type="controls_if" id="oUgd{3K~U[F@#aF]}ygA" x="134" y="11"><value name="IF0"><block type="logic_compare" id="~a@gT-aydG21O-1G.sjK"><field name="OP">LT</field><value name="A"><block type="singleVar" id="RTuC:_mI#d@k69q|ly)+"><field name="varName">Product_Usefulness</field></block></value><value name="B"><block type="math_number" id="qIM#58w_X12vI;dXPueD"><field name="NUM">5</field></block></value></block></value><statement name="DO0"><block type="popup" id="[Q+z*@b?dHC7[R=3+,rX"><field name="popuptext">Maybe you don't need the smart jacket....</field></block></statement><next><block type="controls_if" id="Z?`i^1:9UW~;96JUNB:,"><value name="IF0"><block type="logic_compare" id="LYK/{z^T695?ZU%OZi2S"><field name="OP">LT</field><value name="A"><block type="singleVar" id="C4MK*JD~2Ns6y=05P^zg"><field name="varName">Comfort</field></block></value><value name="B"><block type="math_number" id="3v}Il=@V%2j|1.htuy4-"><field name="NUM">5</field></block></value></block></value><statement name="DO0"><block type="popup" id="))g5|#EN_wW=YM3l6~ci"><field name="popuptext">You are not feeling very comfortable..</field></block></statement></block></next></block></xml>