[{"id":32,"description":"Club","values":{"Ενέργεια":"-30","Χρήματα":"-80","Διασκέδαση":"50","Κοινωνικότητα":"55","Υγεία":"-2"},"imguri":"","layers":"Main","latlng":{"lat":411.4876563449018,"lng":657.7998168923536}},{"id":35,"description":"Ταξίδι με αεροπλάνο","values":{"Ενέργεια":"-50","Χρήματα":"-200","Διασκέδαση":"80","Κοινωνικότητα":"50","Υγεία":"1"},"imguri":"","layers":"Main","latlng":{"lat":459.6337668415946,"lng":70.37027282462304}},{"id":38,"description":"Βιβλιοθήκη","values":{"Ενέργεια":"-20","Χρήματα":"-5","Διασκέδαση":"-5","Κοινωνικότητα":"-15","Υγεία":"1"},"imguri":"","layers":"Main","latlng":{"lat":96.26190612315565,"lng":108.17008971697658}},{"id":41,"description":"Γήπεδο Ποδοσφαίρου","values":{"Ενέργεια":"-60","Χρήματα":"-40","Διασκέδαση":"30","Κοινωνικότητα":"25","Υγεία":"2"},"imguri":"","layers":"Main","latlng":{"lat":435.84814758373113,"lng":326.18296507442835}},{"id":47,"description":"Εστιατόριο","values":{"Ενέργεια":"15","Χρήματα":"-70","Διασκέδαση":"40","Κοινωνικότητα":"10","Υγεία":"-1"},"imguri":"","layers":"Main","latlng":{"lat":308.5521635176249,"lng":763.1744018587733}},{"id":50,"description":"Γιατρός","values":{"Ενέργεια":"-5","Χρήματα":"-60","Διασκέδαση":"-50","Κοινωνικότητα":"-30","Υγεία":"3"},"imguri":"","layers":"Main","latlng":{"lat":360.48195254517327,"lng":706.4424194251824}},{"id":53,"description":"Καφετέρια","values":{"Ενέργεια":"10","Χρήματα":"-5","Διασκέδαση":"-5","Κοινωνικότητα":"5","Υγεία":"-2"},"imguri":"","layers":"Main","latlng":{"lat":125.66593455341535,"lng":634.7362793084033}},{"id":56,"description":"Σινεμά","values":{"Ενέργεια":"-5","Χρήματα":"-30","Διασκέδαση":"25","Κοινωνικότητα":"5","Υγεία":"1"},"imguri":"","layers":"Main","latlng":{"lat":260.3927428143147,"lng":657.8642700145363}},{"id":59,"description":"Λούνα Παρκ","values":{"Ενέργεια":"-30","Χρήματα":"-50","Διασκέδαση":"50","Κοινωνικότητα":"35","Υγεία":"-1"},"imguri":"","layers":"Main","latlng":{"lat":349.7381396206614,"lng":817.1701049839612}},{"id":62,"description":"Μέγαρο Μουσικής","values":{"Ενέργεια":"-15","Χρήματα":"-60","Διασκέδαση":"45","Κοινωνικότητα":"10","Υγεία":"1"},"imguri":"","layers":"Main","latlng":{"lat":375.2845993385577,"lng":448.74057618321535}},{"id":65,"description":"Εμπορικό Κέντρο","values":{"Ενέργεια":"-60","Χρήματα":"-250","Διασκέδαση":"40","Κοινωνικότητα":"5","Υγεία":"-1"},"imguri":"","layers":"Main","latlng":{"lat":214.8330302793399,"lng":894.3031936007533}},{"id":68,"description":"Ταξίδι με τρένο","values":{"Ενέργεια":"-30","Χρήματα":"-70","Διασκέδαση":"40","Κοινωνικότητα":"15","Υγεία":"1"},"imguri":"","layers":"Main","latlng":{"lat":305.8538590074292,"lng":109.77493591472808}},{"id":71,"description":"Σπίτι","values":{"Ενέργεια":"75","Χρήματα":"-10","Διασκέδαση":"-30","Κοινωνικότητα":"-40","Υγεία":"2"},"imguri":"","layers":"Main","latlng":{"lat":48.785596385954904,"lng":502.9914062503757}},{"id":74,"description":"Fast Food","values":{"Ενέργεια":"25","Χρήματα":"-20","Διασκέδαση":"10","Κοινωνικότητα":"10","Υγεία":"-3"},"imguri":"","layers":"Main","latlng":{"lat":316.20302651046603,"lng":294.0172180332181}},{"id":77,"description":"Φούρνος","values":{"Ενέργεια":"5","Χρήματα":"-5","Διασκέδαση":"-5","Κοινωνικότητα":"5","Υγεία":"1"},"imguri":"","layers":"Main","latlng":{"lat":194.09863848346023,"lng":156.75345154066713}},{"id":176,"description":"Γραφείο","values":{"Ενέργεια":"-40","Χρήματα":"700","Διασκέδαση":"-50","Κοινωνικότητα":"-20","Υγεία":"-2"},"imguri":"","layers":"Main","isDummy":false,"latlng":{"lat":211.40495485105512,"lng":351.7748680611883}},{"id":196,"description":"Εργοστάσιο","values":{"Ενέργεια":"-60","Χρήματα":"900","Διασκέδαση":"-60","Κοινωνικότητα":"-30","Υγεία":"-3"},"imguri":"","layers":"Main","isDummy":false,"latlng":{"lat":406.20128040444826,"lng":879.8557373328504}}]