[{"id":1,"description":"Βοτανικός Κήπος","values":{"Ηλιοφάνεια":"-3","Γύρη":"5","Φυτοφάρμακα_Κίνδυνος":"-5","Ασφάλεια":"-4"},"imguri":"","layers":"googleMapsMain","isDummy":false,"latlng":{"lat":37.96010839410169,"lng":23.797603663319514},"timesModified":0},{"id":2,"description":"Σημείο αμπελώνα","values":{"Ηλιοφάνεια":"5","Γύρη":"-1","Φυτοφάρμακα_Κίνδυνος":"-5","Ασφάλεια":"-3"},"imguri":"","layers":"googleMapsMain","isDummy":false,"latlng":{"lat":37.96054177601703,"lng":23.796488661266867},"timesModified":0},{"id":3,"description":"Μνημείο Καίτης Αργυροπούλου","values":{"Ηλιοφάνεια":"1","Γύρη":"4","Φυτοφάρμακα_Κίνδυνος":"2","Ασφάλεια":"2"},"imguri":"","layers":"googleMapsMain","isDummy":false,"latlng":{"lat":37.95989495229641,"lng":23.799387549531502},"timesModified":0},{"id":4,"description":"Σημείο Δεξαμενής","values":{"Ηλιοφάνεια":"-3","Γύρη":"5","Φυτοφάρμακα_Κίνδυνος":"-1","Ασφάλεια":"2"},"imguri":"","layers":"googleMapsMain","isDummy":false,"latlng":{"lat":37.95935282356768,"lng":23.79879921992063},"timesModified":0},{"id":5,"description":"Σημείο μέσα στο δάσος","values":{"Ηλιοφάνεια":"-1","Γύρη":"5","Φυτοφάρμακα_Κίνδυνος":"3","Ασφάλεια":"3"},"imguri":"","layers":"googleMapsMain","isDummy":false,"latlng":{"lat":37.96188627037204,"lng":23.799967352865288},"timesModified":0},{"id":6,"description":"Λόφος Ταξιαρχών","values":{"Ηλιοφάνεια":"5","Γύρη":"-3","Φυτοφάρμακα_Κίνδυνος":"-3","Ασφάλεια":"-3"},"imguri":"","layers":"googleMapsMain","isDummy":false,"latlng":{"lat":37.960566652816155,"lng":23.794059742143595},"timesModified":0},{"id":7,"description":"Σημείο μέσα στο δάσος 2","values":{"Ηλιοφάνεια":"-2","Γύρη":"4","Φυτοφάρμακα_Κίνδυνος":"3","Ασφάλεια":"5"},"imguri":"","layers":"googleMapsMain","isDummy":false,"latlng":{"lat":37.96217285024376,"lng":23.802559895107173},"timesModified":0},{"id":8,"description":"Λίμνη","values":{"Ηλιοφάνεια":"-1","Γύρη":"4","Φυτοφάρμακα_Κίνδυνος":"3","Ασφάλεια":"-1"},"imguri":"","layers":"googleMapsMain","isDummy":false,"latlng":{"lat":37.962738481865095,"lng":23.80414764083179},"timesModified":0}]