<xml xmlns="https://developers.google.com/blockly/xml"><block type="initialvalues" id="7%pi|u/wU`(M`t7@0~7Z" x="88" y="88"><statement name="Initial Values"><block type="initialValue" id="id1"><field name="varName">Ηλιοφάνεια</field><value name="varVal"><block type="math_number" id="var1"><field name="NUM">0</field></block></value><next><block type="initialValue" id="id2"><field name="varName">Γύρη</field><value name="varVal"><block type="math_number" id="var2"><field name="NUM">0</field></block></value><next><block type="initialValue" id="qjzd`_gn:A+lZaI1`0nn"><field name="varName">Φυτοφάρμακα_Κίνδυνος</field><value name="varVal"><block type="math_number" id="T2L|Sd.74=C=hXOnjU*)"><field name="NUM">0</field></block></value><next><block type="initialValue" id="vS|`6zS@wHcRS|Wq@D#C"><field name="varName">Ασφάλεια</field><value name="varVal"><block type="math_number" id="E%=|/;ENtdSB3G:5z^Rg"><field name="NUM">0</field></block></value></block></next></block></next></block></next></block></statement></block></xml>