<xml xmlns="https://developers.google.com/blockly/xml"><block type="controls_if" id="QTbxl:Ke%|NC~,w~D-?`" x="112" y="7"><value name="IF0"><block type="logic_compare" id=")WIcSfOat/aSjVjz4iOv"><field name="OP">GT</field><value name="A"><block type="movescounter" id="_^TShM_Oc)|PGHpiCz##"></block></value><value name="B"><block type="math_number" id="QHcVgMG.fuZ7uZhNF,|C"><field name="NUM">5</field></block></value></block></value><statement name="DO0"><block type="controls_if" id="oUgd{3K~U[F@#aF]}ygA"><value name="IF0"><block type="logic_compare" id="~a@gT-aydG21O-1G.sjK"><field name="OP">LTE</field><value name="A"><block type="singleVar" id="RTuC:_mI#d@k69q|ly)+"><field name="varName">Ηλιοφάνεια</field></block></value><value name="B"><block type="math_number" id="qIM#58w_X12vI;dXPueD"><field name="NUM">0</field></block></value></block></value><statement name="DO0"><block type="popup" id="[XMzb=tiZEwjnqR(]mUV"><field name="popuptext">Λυπάμαι... Οι μέλισσες σας έπαθαν βακτηριακή λοίμωξη...</field><next><block type="gameover" id="MLR/6i}9oB6st5-+BGN}"></block></next></block></statement><next><block type="controls_if" id="QeI|q}qc(3=5YQor^2Bh"><value name="IF0"><block type="logic_compare" id="q2lb}nmqw0#W/DSxICB{"><field name="OP">LTE</field><value name="A"><block type="singleVar" id="4qaBBe|xfv4qMf/w-1xl"><field name="varName">Ασφάλεια</field></block></value><value name="B"><block type="math_number" id="6K-e6SvAc?]XDx9GWWBF"><field name="NUM">0</field></block></value></block></value><statement name="DO0"><block type="popup" id="{4?Lr;Eh9-97r@==5J_x"><field name="popuptext">Ωχ όχι! Έκλεψαν τις κυψέλες σας...</field><next><block type="gameover" id="qUAyTn2#D:]-3LX1dPaN"></block></next></block></statement><next><block type="controls_if" id="Y.qi1r-zp=8BF{/9koM9"><value name="IF0"><block type="logic_operation" id="lft(R_14l-(Kc%{LOR)C"><field name="OP">AND</field><value name="A"><block type="logic_compare" id="7:{}23cAi_c%bf5kk-(["><field name="OP">GTE</field><value name="A"><block type="movescounter" id="[yp+r%)dP#UvWv^DwzbM"></block></value><value name="B"><block type="math_number" id="BfT3To@-pB755oX0`Mwo"><field name="NUM">10</field></block></value></block></value><value name="B"><block type="logic_compare" id="`8?N6PPV,@vXheBrN1?B"><field name="OP">LTE</field><value name="A"><block type="singleVar" id="Af)*9.@1t{xxMun{9KgR"><field name="varName">Γύρη</field></block></value><value name="B"><block type="math_number" id="n.btUS6YDRHs,X%f=I1{"><field name="NUM">15</field></block></value></block></value></block></value><statement name="DO0"><block type="popup" id="AC]^%EdkI[4F*Tg/FI0|"><field name="popuptext">Χάσατε! H ποιότητα του μελιού που παράγετε δεν είναι τόσο καλή...</field><next><block type="gameover" id="P#2ZNI;6Ge?HHv]ETS,h"></block></next></block></statement><next><block type="controls_if" id="9n5H+WD,K4yM.%meUN]}"><value name="IF0"><block type="logic_compare" id="#m?.V,A.dONxyqy4flfh"><field name="OP">LTE</field><value name="A"><block type="singleVar" id="gabV8(nFa:Xhys@*rqFz"><field name="varName">Ηλιοφάνεια</field></block></value><value name="B"><block type="math_number" id="Y:k)CFBlWi?BnT`I2E^V"><field name="NUM">-5</field></block></value></block></value><statement name="DO0"><block type="popup" id="d7!|z*M.Ci~]{|ALm/)S"><field name="popuptext">Είχατε ένα ατύχημα προσπαθώντας να μεταφέρετε τις κυψέλες σας με το αυτοκίνητό σας! Να είστε λιγότερο τολμηροί την επόμενη φορά...</field><next><block type="gameover" id="A28vgKZ|?4oF86{XGw^O"></block></next></block></statement><next><block type="controls_if" id="(;*(LmYNe2Em%7YXkPj!"><value name="IF0"><block type="logic_compare" id="a}FLg)N3l:Ss*v00Hkg)"><field name="OP">LTE</field><value name="A"><block type="singleVar" id="B?HZ~4ryKp,(us8CJ~g/"><field name="varName">Φυτοφάρμακα_Κίνδυνος</field></block></value><value name="B"><block type="math_number" id="S.w#R~Zt6T?IN(z|3Z+="><field name="NUM">-8</field></block></value></block></value><statement name="DO0"><block type="popup" id="Hpu4%ebsRGcTcVxGGvYJ"><field name="popuptext">Το μέλι σας δεν είναι κατάλληλο για παραγωγή λόγω μόλυνσης από φυτοφάρμακα.</field><next><block type="gameover" id="W~T}U_UHKKc@mg3GVoNW"></block></next></block></statement></block></next></block></next></block></next></block></next></block></statement></block></xml>