[{"id":32,"description":"Club","values":{"Energy":"-30","Money":"-80","Fun":"50","Social":"55","Health":"-2"},"imguri":"","layers":"Main","latlng":{"lat":408.6508629928412,"lng":664.0601562473703}},{"id":35,"description":"Airport","values":{"Energy":"-50","Money":"-200","Fun":"80","Social":"50","Health":"1"},"imguri":"","layers":"Main","latlng":{"lat":455.3775950140455,"lng":55.17943269086959}},{"id":38,"description":"Library","values":{"Energy":"-20","Money":"-5","Fun":"-5","Social":"-15","Health":"1"},"imguri":"","layers":"Main","latlng":{"lat":107.3244496969624,"lng":106.41576080553898}},{"id":41,"description":"Football Field","values":{"Energy":"-60","Money":"-40","Fun":"30","Social":"25","Health":"2"},"imguri":"","layers":"Main","latlng":{"lat":424.84252764766717,"lng":337.7405609162307}},{"id":44,"description":"Restaurant","values":{"Energy":"15","Money":"-70","Fun":"40","Social":"10","Health":"-1"},"imguri":"","layers":"Main","latlng":{"lat":310.2110401368515,"lng":759.9453422404769}},{"id":47,"description":"Doctor","values":{"Energy":"-5","Money":"-60","Fun":"-50","Social":"-30","Health":"3"},"imguri":"","layers":"Main","latlng":{"lat":358.2789412826462,"lng":699.817065459541}},{"id":50,"description":"Cafe","values":{"Energy":"10","Money":"-5","Fun":"-5","Social":"5","Health":"-2"},"imguri":"","layers":"Main","latlng":{"lat":134.03219820769883,"lng":637.3067810416267}},{"id":53,"description":"Cinema","values":{"Energy":"-5","Money":"-30","Fun":"25","Social":"5","Health":"1"},"imguri":"","layers":"Main","latlng":{"lat":271.25989678042225,"lng":675.9416137611552}},{"id":56,"description":"Fun Park","values":{"Energy":"-30","Money":"-50","Fun":"50","Social":"35","Health":"-1"},"imguri":"","layers":"Main","latlng":{"lat":341.9297737796094,"lng":886.8470214473489}},{"id":59,"description":"Music Theater","values":{"Energy":"-15","Money":"-60","Fun":"45","Social":"10","Health":"1"},"imguri":"","layers":"Main","latlng":{"lat":378.76656713166994,"lng":465.3067199736879}},{"id":62,"description":"Mall","values":{"Energy":"-60","Money":"-250","Fun":"40","Social":"5","Health":"-1"},"imguri":"","layers":"Main","latlng":{"lat":214.73812437272235,"lng":909.0042968748121}},{"id":65,"description":"Train Station","values":{"Energy":"-30","Money":"-70","Fun":"40","Social":"15","Health":"1"},"imguri":"","layers":"Main","latlng":{"lat":320.3885295607867,"lng":116.30303945668378}},{"id":68,"description":"Home","values":{"Energy":"75","Money":"-10","Fun":"-30","Social":"-40","Health":"2"},"imguri":"","layers":"Main","latlng":{"lat":81.55788256529243,"lng":520.4286437964831}},{"id":71,"description":"Fast Food","values":{"Energy":"25","Money":"-20","Fun":"10","Social":"10","Health":"-3"},"imguri":"","layers":"Main","latlng":{"lat":340.1973379586765,"lng":300.09364624160503}},{"id":74,"description":"Bakery","values":{"Energy":"5","Money":"-5","Fun":"-5","Social":"5","Health":"1"},"imguri":"","layers":"Main","latlng":{"lat":199.621578282394,"lng":146.21914334518604}},{"id":77,"description":"Office work","values":{"Energy":"-40","Money":"700","Fun":"-50","Social":"-20","Health":"-2"},"imguri":"","layers":"Main","latlng":{"lat":192.74953197217943,"lng":341.73536377017103}},{"id":80,"description":"Factory work","values":{"Energy":"-60","Money":"900","Fun":"-60","Social":"-30","Health":"-3"},"imguri":"","layers":"Main","isDummy":false,"latlng":{"lat":418.4819525451732,"lng":873.3360946740584}}]