[{"id":42,"description":"Leave School","values":{"Joy":"15","Boredom":"-5","Health":"5","Knowledge":"-8","Danger":"5"},"imguri":"","layers":"Main","latlng":{"lat":-51.5,"lng":-158.5}},{"id":45,"description":"Entrance","values":{"Joy":"0","Boredom":"0","Health":"0","Knowledge":"7","Danger":"0"},"imguri":"","layers":"Main","latlng":{"lat":-47,"lng":-11.5}},{"id":48,"description":"Leave School","values":{"Joy":"15","Boredom":"-5","Health":"5","Knowledge":"-8","Danger":"25"},"imguri":"","layers":"ΔΙΑΔΡΟΜΟΣ","isDummy":true,"latlng":{"lat":-104.5,"lng":139}},{"id":49,"description":"C1","values":{"Joy":"0","Boredom":"0","Health":"0","Knowledge":"0","Danger":"-5"},"imguri":"","layers":"ΔΙΑΔΡΟΜΟΣ","isDummy":false,"latlng":{"lat":15.640625,"lng":-94.46875}},{"id":50,"description":"C2","values":{"Joy":"0","Boredom":"0","Health":"0","Knowledge":"0","Danger":"-10"},"imguri":"","layers":"ΔΙΑΔΡΟΜΟΣ","isDummy":false,"latlng":{"lat":13.140625,"lng":-28.46875}},{"id":51,"description":"C3","values":{"Joy":"0","Boredom":"0","Health":"0","Knowledge":"0","Danger":"-10"},"imguri":"","layers":"ΔΙΑΔΡΟΜΟΣ","isDummy":false,"latlng":{"lat":9.140625,"lng":89.53125}},{"id":52,"description":"Exit","values":{"Joy":"0","Boredom":"0","Health":"0","Knowledge":"0","Danger":"0"},"imguri":"","layers":"Γ1","isDummy":false,"latlng":{"lat":-18,"lng":-50}},{"id":53,"description":"Listen to the teacher","values":{"Joy":"-10","Boredom":"10","Health":"2","Knowledge":"20","Danger":"-10"},"imguri":"","layers":"Γ1","isDummy":false,"latlng":{"lat":46.5,"lng":93}},{"id":54,"description":"Play","values":{"Joy":"15","Boredom":"-10","Health":"-5","Knowledge":"-10","Danger":"15"},"imguri":"","layers":"Γ1","isDummy":false,"latlng":{"lat":-57.5,"lng":-82.5}},{"id":55,"description":"Sleep","values":{"Joy":"20","Boredom":"-10","Health":"25","Knowledge":"-5","Danger":"10"},"imguri":"","layers":"Γ4","isDummy":false,"latlng":{"lat":-88,"lng":62.5}},{"id":56,"description":"Sit on the teacher","values":{"Joy":"20","Boredom":"-10","Health":"-2","Knowledge":"-10","Danger":"25"},"imguri":"","layers":"Γ1","isDummy":false,"latlng":{"lat":-25,"lng":57}},{"id":57,"description":"Talk with your friend","values":{"Joy":"5","Boredom":"-10","Health":"0","Knowledge":"3","Danger":"8"},"imguri":"","layers":"Γ4","isDummy":false,"latlng":{"lat":-28.5,"lng":-107.5}},{"id":58,"description":"Exit","values":{"Joy":"0","Boredom":"0","Health":"0","Knowledge":"0","Danger":"0"},"imguri":"","layers":"Γ4","isDummy":false,"latlng":{"lat":-17.5,"lng":-168.5}},{"id":59,"description":"Ask a question to the teacher","values":{"Joy":"-20","Boredom":"10","Health":"1","Knowledge":"15","Danger":"-25"},"imguri":"","layers":"Γ3","isDummy":false,"latlng":{"lat":58,"lng":-33}},{"id":60,"description":"Exit","values":{"Joy":"0","Boredom":"0","Health":"0","Knowledge":"0","Danger":"0"},"imguri":"","layers":"Γ3","isDummy":false,"latlng":{"lat":5,"lng":-160.5}},{"id":61,"description":"Annoy a classmate","values":{"Joy":"25","Boredom":"-10","Health":"-3","Knowledge":"-10","Danger":"20"},"imguri":"","layers":"Γ3","isDummy":false,"latlng":{"lat":-55.5,"lng":-23.5}},{"id":62,"description":"Play with your smartphone","values":{"Joy":"15","Boredom":"-8","Health":"-5","Knowledge":"-3","Danger":"30"},"imguri":"","layers":"Γ3","isDummy":false,"latlng":{"lat":-54.5,"lng":-135.5}},{"id":63,"description":"Drink coffee","values":{"Joy":"5","Boredom":"3","Health":"-10","Knowledge":"-10","Danger":"3"},"imguri":"","layers":"ΚΟΠΑΝΑ","isDummy":false,"latlng":{"lat":-29.5,"lng":83.5}},{"id":64,"description":"Chat","values":{"Joy":"10","Boredom":"-3","Health":"5","Knowledge":"4","Danger":"5"},"imguri":"","layers":"ΚΟΠΑΝΑ","isDummy":false,"latlng":{"lat":-82,"lng":-123.5}},{"id":65,"description":"Exit","values":{"Joy":"0","Boredom":"0","Health":"0","Knowledge":"0","Danger":"0"},"imguri":"","layers":"ΚΟΠΑΝΑ","isDummy":false,"latlng":{"lat":37.140625,"lng":-38.46875}},{"id":66,"description":"Listen to music","values":{"Joy":"15","Boredom":"-10","Health":"3","Knowledge":"3","Danger":"5"},"imguri":"","layers":"ΚΟΠΑΝΑ","isDummy":false,"latlng":{"lat":23.8984375,"lng":12.53125}},{"id":67,"description":"Pay attention to the lesson","values":{"Joy":"-20","Boredom":"10","Health":"1","Knowledge":"15","Danger":"-25"},"imguri":"","layers":"Γ4","isDummy":false,"latlng":{"lat":85.3984375,"lng":17.03125}}]