<xml xmlns="http://www.w3.org/1999/xhtml"><block type="controls_if" id="6K8Cp#lxx6M2vB1H1T*]" x="87" y="-174"><value name="IF0"><block type="current_point_check" id="m++d#LE#?1=zj^l0_%3{"><field name="pointsNames">Leave School</field></block></value><statement name="DO0"><block type="change_layer" id="s3Q](eAYIM.[f1^e~(Wi"><field name="layersNames">ΚΟΠΑΝΑ</field><next><block type="show_all" id="ssbT_aQ#[pGFQmmi:@Py"></block></next></block></statement><next><block type="controls_if" id="p/5_S|utDE+GjHG_?2B)"><value name="IF0"><block type="current_point_check" id="2HY~31}`GK(Kz*J|`x-u"><field name="pointsNames">Entrance</field></block></value><statement name="DO0"><block type="change_layer" id="yh%|;49|5F]MTyX/49Qg"><field name="layersNames">ΔΙΑΔΡΟΜΟΣ</field><next><block type="sound" id="Re2Oz0706P{DN{!FN?IM"><field name="NAME">door_open</field><next><block type="show_all" id="Qpp|.4M!or.Bt,6J4jGP"></block></next></block></next></block></statement><next><block type="controls_if" id="l#UIxm^E=a.1e#G+yQfZ"><value name="IF0"><block type="current_point_check" id="2;}Mfg,?eL4CPx6rC=+y"><field name="pointsNames">C1</field></block></value><statement name="DO0"><block type="change_layer" id="qEGqsPLZ5--y2?Rhc!Ci"><field name="layersNames">Γ1</field><next><block type="sound" id="#Lvx7,D;FyZ9J3/_LN)_"><field name="NAME">door_open</field><next><block type="show_all" id="Ab}Kms1il@rN80b10ds["></block></next></block></next></block></statement><next><block type="controls_if" id="hzuh|5#V1Oc7hsH;Ak.U"><value name="IF0"><block type="current_point_check" id="vhGK4USCC0YS~^?cj1iX"><field name="pointsNames">C2</field></block></value><statement name="DO0"><block type="change_layer" id="K2GoBT/W4p%EP|3?Wt3p"><field name="layersNames">Γ4</field><next><block type="sound" id="%Og=-.,kp0?HL5r@.U?@"><field name="NAME">door_open</field><next><block type="show_all" id="^:Y-8hrxAEz3(9XeS0ts"></block></next></block></next></block></statement><next><block type="controls_if" id="^/*q]1WLs{jKDLo:LeuM"><value name="IF0"><block type="current_point_check" id="dY!#/n1~TWSr~nN:K]UL"><field name="pointsNames">C3</field></block></value><statement name="DO0"><block type="change_layer" id="jKnjj-a?~5lys+NzSU3y"><field name="layersNames">Γ3</field><next><block type="sound" id="s1zzmN9u6]0BGAM@g@jt"><field name="NAME">door_open</field><next><block type="show_all" id="xnJ.Jmi8)=u~:4,0L,49"></block></next></block></next></block></statement><next><block type="controls_if" id="4+#|U%;o|f^5)coVvc[6"><value name="IF0"><block type="current_point_check" id="qu!m#of,[C-y,A.2*Dn|"><field name="pointsNames">Exit</field></block></value><statement name="DO0"><block type="change_layer" id="r/l7nQ3pab_SZYPPz#gM"><field name="layersNames">Main</field><next><block type="sound" id="YI4+*}w_~TA[7=[%wPIn"><field name="NAME">door_open</field><next><block type="show_all" id="n3EIM36jI|xjZp+|`NMj"></block></next></block></next></block></statement></block></next></block></next></block></next></block></next></block></next></block></xml>