<xml xmlns="http://www.w3.org/1999/xhtml"><block type="controls_if" id="8!mSY6L|y4QKJ3i}ZHeO" x="262" y="-128"><value name="IF0"><block type="logic_compare" id="005DQTZe#SW`SNvIZ6Wh"><field name="OP">GTE</field><value name="A"><block type="singleVar" id=",Mv[}UtY%W:SOl)TL@qN"><field name="varName">Danger</field></block></value><value name="B"><block type="math_number" id="msKvXx;uaKN((ihslOF("><field name="NUM">50</field></block></value></block></value><statement name="DO0"><block type="popup" id="%X(]Le:qfSO/0S8u*D[t"><field name="popuptext">Λυπάμαι έχασες!Τηλέφωνο στο σπίτι και παντόφλα </field><next><block type="sound" id="xU#e9hth;/t}s@[(WH8C"><field name="NAME">lose2</field><next><block type="gameover" id="cV)Fa]J0xnA#ag}/LU+~"></block></next></block></next></block></statement><next><block type="controls_if" id="oUgd{3K~U[F@#aF]}ygA"><value name="IF0"><block type="logic_compare" id="~a@gT-aydG21O-1G.sjK"><field name="OP">LTE</field><value name="A"><block type="singleVar" id="RTuC:_mI#d@k69q|ly)+"><field name="varName">Knowledge</field></block></value><value name="B"><block type="math_number" id="qIM#58w_X12vI;dXPueD"><field name="NUM">10</field></block></value></block></value><statement name="DO0"><block type="popup" id="[XMzb=tiZEwjnqR(]mUV"><field name="popuptext">Game over! Go home!</field><next><block type="sound" id="igncg(Z4DLZaY|bmiSIg"><field name="NAME">lose2</field><next><block type="gameover" id="MLR/6i}9oB6st5-+BGN}"></block></next></block></next></block></statement><next><block type="controls_if" id="s|22Z9F}WCN/yxlXF*c/"><value name="IF0"><block type="logic_compare" id="t]0]K7~RG5P|~P%Iat.%"><field name="OP">GTE</field><value name="A"><block type="singleVar" id="A.j?p=H93g?/uC7cXFA4"><field name="varName">Boredom</field></block></value><value name="B"><block type="math_number" id="!Lk+QA7ZA}}`O2H4Opsn"><field name="NUM">50</field></block></value></block></value><statement name="DO0"><block type="popup" id="rvm1v;(7UPHaPmn]_ZF*"><field name="popuptext">Game over! You died from boredom</field><next><block type="sound" id="aDLe[FSWw9=s4K!|o5Q?"><field name="NAME">lose</field><next><block type="gameover" id="IAoQII{s547]Ky/@)fmw"></block></next></block></next></block></statement><next><block type="controls_if" id="ZlR?v6F6tI%iV7]Fu)Bi"><value name="IF0"><block type="logic_compare" id="mWKG9gvn[OP3){|I+*FV"><field name="OP">LTE</field><value name="A"><block type="singleVar" id="HR.F;^HAc?Y+KZ=!xR`P"><field name="varName">Health</field></block></value><value name="B"><block type="math_number" id="_u^1#?P%(}djVA:MLpZ|"><field name="NUM">5</field></block></value></block></value><statement name="DO0"><block type="popup" id="=crD|{gtwEmN;`*1-mu1"><field name="popuptext">Game over! Go to a doctor now!</field><next><block type="sound" id="Uqs}K4rf7v*ui)U)L@_t"><field name="NAME">lose2</field><next><block type="gameover" id="Qq4|^ZayP[]4Kq(1!.x~"></block></next></block></next></block></statement><next><block type="controls_if" id="(}v0Kn)_DGRJ38vIB,oW"><value name="IF0"><block type="logic_compare" id="[|,!y#fE|edDSGbRJ:zB"><field name="OP">LTE</field><value name="A"><block type="singleVar" id="*-t9G4GHCh4!H(;dScMQ"><field name="varName">Joy</field></block></value><value name="B"><block type="math_number" id="T/QKc6OaN`G(Sf{P:@[w"><field name="NUM">2</field></block></value></block></value><statement name="DO0"><block type="popup" id="Ld4TzuHwT5fw=L8DH7}:"><field name="popuptext">Game over! You are depressed :(</field><next><block type="sound" id="#Vy^3Zgxg3Hyqv;fU!+2"><field name="NAME">lose2</field><next><block type="gameover" id="9EMD-?=+|@~1wUpPUr-y"></block></next></block></next></block></statement></block></next></block></next></block></next></block></next></block></xml>