<xml xmlns="http://www.w3.org/1999/xhtml"><block type="initialvalues" id="7%pi|u/wU`(M`t7@0~7Z" x="88" y="88"><statement name="Initial Values"><block type="initialValue" id="id1"><field name="varName">Boredom</field><value name="varVal"><block type="math_number" id="var1"><field name="NUM">10</field></block></value><next><block type="initialValue" id="id2"><field name="varName">Knowledge</field><value name="varVal"><block type="math_number" id="var2"><field name="NUM">20</field></block></value><next><block type="initialValue" id="^G6,GxoS)1b*~bNiY]o~"><field name="varName">Joy</field><value name="varVal"><block type="math_number" id="dC?h)7te7YLGj8=__^*m"><field name="NUM">20</field></block></value><next><block type="initialValue" id="K+xZyW|QpW5?6cIcf!vp"><field name="varName">Health</field><value name="varVal"><block type="math_number" id="u32?EBz2~-Zk#,VR@=v|"><field name="NUM">20</field></block></value><next><block type="initialValue" id="8dt@`zh!MOI,.EC,4#f_"><field name="varName">Danger</field><value name="varVal"><block type="math_number" id="kxMxvkJw*t=D^tbTF[}9"><field name="NUM">0</field></block></value></block></next></block></next></block></next></block></next></block></statement></block></xml>