[{"id":1,"description":"Botanical Garden Spot","values":{"Sunshine":"-3","Pollen":"5","Pesticides_Danger":"-5","Safety":"-4"},"imguri":"","layers":"googleMapsMain","isDummy":false,"latlng":{"lat":37.96010839410169,"lng":23.797603663319514}},{"id":2,"description":"Vineyard Spot","values":{"Sunshine":"5","Pollen":"-1","Pesticides_Danger":"-5","Safety":"-3"},"imguri":"","layers":"googleMapsMain","isDummy":false,"latlng":{"lat":37.96054177601703,"lng":23.796488661266867}},{"id":3,"description":"Kate Argyropoulou monument Spot","values":{"Sunshine":"1","Pollen":"4","Pesticides_Danger":"2","Safety":"2"},"imguri":"","layers":"googleMapsMain","isDummy":false,"latlng":{"lat":37.95989495229641,"lng":23.799387549531502}},{"id":4,"description":"Dexameni Spot","values":{"Sunshine":"-3","Pollen":"5","Pesticides_Danger":"-1","Safety":"2"},"imguri":"","layers":"googleMapsMain","isDummy":false,"latlng":{"lat":37.95935282356768,"lng":23.79879921992063}},{"id":5,"description":"Inside the forest Spot","values":{"Sunshine":"-1","Pollen":"5","Pesticides_Danger":"3","Safety":"3"},"imguri":"","layers":"googleMapsMain","isDummy":false,"latlng":{"lat":37.96188627037204,"lng":23.799967352865288}},{"id":6,"description":"Taksiarhon Hill Spot","values":{"Sunshine":"5","Pollen":"-3","Pesticides_Danger":"-3","Safety":"-3"},"imguri":"","layers":"googleMapsMain","isDummy":false,"latlng":{"lat":37.960566652816155,"lng":23.794059742143595}},{"id":7,"description":"Inside the forest Spot2","values":{"Sunshine":"-2","Pollen":"4","Pesticides_Danger":"3","Safety":"5"},"imguri":"","layers":"googleMapsMain","isDummy":false,"latlng":{"lat":37.96217285024376,"lng":23.802559895107173}},{"id":8,"description":"Lake spot","values":{"Sunshine":"-1","Pollen":"4","Pesticides_Danger":"3","Safety":"-1"},"imguri":"","layers":"googleMapsMain","isDummy":false,"latlng":{"lat":37.962738481865095,"lng":23.80414764083179}}]