<xml xmlns="http://www.w3.org/1999/xhtml"><block type="controls_if" id="oUgd{3K~U[F@#aF]}ygA" x="139" y="55"><value name="IF0"><block type="logic_operation" id="*A+jz6b|bNKPE~mjst6z"><field name="OP">AND</field><value name="A"><block type="logic_compare" id="g(3qp]ii`KcrXPWiA}gt"><field name="OP">GT</field><value name="A"><block type="movescounter" id=".9^9~Yf1[:O5-fZ6X(5."></block></value><value name="B"><block type="math_number" id="KJWm*#D`ugn{.bV4@-s["><field name="NUM">3</field></block></value></block></value><value name="B"><block type="logic_compare" id="~a@gT-aydG21O-1G.sjK"><field name="OP">LT</field><value name="A"><block type="singleVar" id="RTuC:_mI#d@k69q|ly)+"><field name="varName">Sunshine</field></block></value><value name="B"><block type="math_number" id="qIM#58w_X12vI;dXPueD"><field name="NUM">0</field></block></value></block></value></block></value><statement name="DO0"><block type="popup" id="[Q+z*@b?dHC7[R=3+,rX"><field name="popuptext">Be careful! Bee hives have to be exposed to much sunshine as high levels of humidity makes bees vulnerabe to bacteria infections. </field></block></statement><next><block type="controls_if" id=".R(7:;wrda9TK`iCDt)g"><value name="IF0"><block type="logic_operation" id=":.5s8uW|vh}iH4G@Rnkl"><field name="OP">AND</field><value name="A"><block type="logic_compare" id="ISD9c|=MU[:|y)ilWfiI"><field name="OP">GT</field><value name="A"><block type="movescounter" id="7!QbQGwZ[EhxKU9aNX0["></block></value><value name="B"><block type="math_number" id="^;dpGoo_0=rif:).8s:k"><field name="NUM">5</field></block></value></block></value><value name="B"><block type="logic_compare" id="kD4-oeZ-Bm]%yYlBH;P?"><field name="OP">LT</field><value name="A"><block type="singleVar" id="_Ihmo++1A1L2_0pW9@qI"><field name="varName">Pesticides_Danger</field></block></value><value name="B"><block type="math_number" id="-a)W,/W(8,a2;50@Dzw9"><field name="NUM">3</field></block></value></block></value></block></value><statement name="DO0"><block type="popup" id="9N{/F|n9j6#g{+_VKV!3"><field name="popuptext">Your bees visit plants that grow with pesticides. This can geoperdise the quality of the honey they produce.</field></block></statement><next><block type="controls_if" id="yx}[TmITM0.-{-QdF-oK"><value name="IF0"><block type="logic_operation" id="lN*(#e-Xf_-d`lyiE/fN"><field name="OP">AND</field><value name="A"><block type="logic_compare" id="QnXv=cz*pGmi2D@scLLq"><field name="OP">GT</field><value name="A"><block type="movescounter" id="7EsXJ;xur^{:qAG21RYW"></block></value><value name="B"><block type="math_number" id="{.NC#PSjV=J6|ylFvAZb"><field name="NUM">3</field></block></value></block></value><value name="B"><block type="logic_compare" id="p*h~kaH+aq.Jb{Jx]00d"><field name="OP">LT</field><value name="A"><block type="singleVar" id="ZUOkWL,]/bjuk|HlKq/c"><field name="varName">Pollen</field></block></value><value name="B"><block type="math_number" id="Y4b5_uHN4;.:{!~ZWE]F"><field name="NUM">8</field></block></value></block></value></block></value><statement name="DO0"><block type="popup" id="yo7p,JjGlaJ@dq+t,-4/"><field name="popuptext">Place your bee hives in places with a better variety in plants. Otherwise you will not be able to produce delicious honey which is also rich in nutrients.</field></block></statement><next><block type="controls_if" id="nuK.Z+1ud.2dLm!2:z5~"><value name="IF0"><block type="logic_operation" id="ZEm@C;Ig4:vQ.KLRE_G2"><field name="OP">AND</field><value name="A"><block type="logic_compare" id="ir)qO|^F3r=;+%vFoE-W"><field name="OP">GT</field><value name="A"><block type="movescounter" id="@4Ah1r5WjfS}dZ9p63?@"></block></value><value name="B"><block type="math_number" id="tv.7z,Ve}~wM)U2i8,~w"><field name="NUM">3</field></block></value></block></value><value name="B"><block type="logic_compare" id="R3M*tLP4HclF.vG:UM=q"><field name="OP">LT</field><value name="A"><block type="singleVar" id="3A`A?%xjRb.ue(t/(0PN"><field name="varName">Accessibility</field></block></value><value name="B"><block type="math_number" id="}+ih[l.0:z@:zdznwM:]"><field name="NUM">0</field></block></value></block></value></block></value><statement name="DO0"><block type="popup" id="+dM2.jU4|MU{-iSSzTe3"><field name="popuptext">You make this task difficult for yourself. Select places that are more accessible in order to avoid possibe accidents during the bee hives transfer.</field></block></statement><next><block type="controls_if" id="/ji~sSIH16^NA/2d7LLS"><value name="IF0"><block type="logic_operation" id="dI}u8B5U0S?EJJxET~Ty"><field name="OP">AND</field><value name="A"><block type="logic_compare" id=";mhdC=!m=`YM#FC5S?m;"><field name="OP">GT</field><value name="A"><block type="movescounter" id="^a[*o5#wW[Mod.W/DkpC"></block></value><value name="B"><block type="math_number" id=":[A!WC79M,pH1k!]wc[m"><field name="NUM">3</field></block></value></block></value><value name="B"><block type="logic_compare" id="?Z`-~]pJHG!wfpDx+d1`"><field name="OP">LT</field><value name="A"><block type="singleVar" id="078AD#3h9A.,7[792ila"><field name="varName">Safety</field></block></value><value name="B"><block type="math_number" id="KTCPjs~G2;mw~cv761?r"><field name="NUM">0</field></block></value></block></value></block></value><statement name="DO0"><block type="popup" id="^yj^Zow8e3oTSR%`YqtM"><field name="popuptext">Be careful! Your bee hives are very exposed. Bee hives exposed in plain sight are easy targets to theives..</field></block></statement></block></next></block></next></block></next></block></next></block></xml>