<xml xmlns="http://www.w3.org/1999/xhtml"><block type="initialvalues" id="7%pi|u/wU`(M`t7@0~7Z" x="88" y="88"><statement name="Initial Values"><block type="initialValue" id="id1"><field name="varName">Sunshine</field><value name="varVal"><block type="math_number" id="var1"><field name="NUM">0</field></block></value><next><block type="initialValue" id="id2"><field name="varName">Pesticides_Danger</field><value name="varVal"><block type="math_number" id="var2"><field name="NUM">0</field></block></value><next><block type="initialValue" id="qjzd`_gn:A+lZaI1`0nn"><field name="varName">Pollen</field><value name="varVal"><block type="math_number" id="T2L|Sd.74=C=hXOnjU*)"><field name="NUM">0</field></block></value><next><block type="initialValue" id="vS|`6zS@wHcRS|Wq@D#C"><field name="varName">Accessibility</field><value name="varVal"><block type="math_number" id="E%=|/;ENtdSB3G:5z^Rg"><field name="NUM">0</field></block></value><next><block type="initialValue" id="e]ek6bxnD!r7bNOy@q(P"><field name="varName">Safety</field><value name="varVal"><block type="math_number" id="cqDVpY`}8rX%cS_c/0[7"><field name="NUM">0</field></block></value></block></next></block></next></block></next></block></next></block></statement></block></xml>