[{"id":34,"description":"Γονείς","values":{"Ευεξία":"-15","Οικογένεια":"15","Καριέρα":"-5","Κοινωνικότητα":"-10"},"imguri":"","layers":"Main","isDummy":false,"latlng":{"lat":604,"lng":323.0023989391027}},{"id":37,"description":"Οικιακές δουλειες","values":{"Ευεξία":"-15","Οικογένεια":"10","Καριέρα":"-8","Κοινωνικότητα":"-20"},"imguri":"","layers":"Main","isDummy":false,"latlng":{"lat":608,"lng":488.08943125772953}},{"id":40,"description":"Μαγείρεμα","values":{"Ευεξία":"-10","Οικογένεια":"10","Καριέρα":"-7","Κοινωνικότητα":"-15"},"imguri":"","layers":"Main","isDummy":false,"latlng":{"lat":587,"lng":652.0178206904773}},{"id":43,"description":"Ψώνια","values":{"Ευεξία":"10","Οικογένεια":"15","Καριέρα":"-10","Κοινωνικότητα":"15"},"imguri":"","layers":"Main","isDummy":false,"latlng":{"lat":601,"lng":785.0140509290302}},{"id":46,"description":"Εργασία","values":{"Ευεξία":"-20","Οικογένεια":"-20","Καριέρα":"25","Κοινωνικότητα":"20"},"imguri":"","layers":"Main","isDummy":false,"latlng":{"lat":485,"lng":818}},{"id":49,"description":"Σπουδές","values":{"Ευεξία":"-10","Οικογένεια":"-2","Καριέρα":"20","Κοινωνικότητα":"20"},"imguri":"","layers":"Main","isDummy":false,"latlng":{"lat":425,"lng":909.0058259949637}},{"id":52,"description":"Σύντροφος","values":{"Ευεξία":"15","Οικογένεια":"10","Καριέρα":"-8","Κοινωνικότητα":"-10"},"imguri":"","layers":"Main","isDummy":false,"latlng":{"lat":458,"lng":266.0037697614471}},{"id":55,"description":"Παιδί","values":{"Ευεξία":"-15","Οικογένεια":"25","Καριέρα":"-15","Κοινωνικότητα":"-20"},"imguri":"","layers":"Main","isDummy":false,"latlng":{"lat":533,"lng":420.06612727787456}},{"id":58,"description":"Άθληση","values":{"Ευεξία":"20","Οικογένεια":"-10","Καριέρα":"10","Κοινωνικότητα":"10"},"imguri":"","layers":"Main","isDummy":false,"latlng":{"lat":353.00000000000006,"lng":263.9955448273806}},{"id":61,"description":"Περιποίηση","values":{"Ευεξία":"25","Οικογένεια":"-20","Καριέρα":"-10","Κοινωνικότητα":"10"},"imguri":"","layers":"Main","isDummy":false,"latlng":{"lat":273,"lng":357.0445368259502}},{"id":64,"description":"Επικοινωνία","values":{"Ευεξία":"10","Οικογένεια":"-15","Καριέρα":"5","Κοινωνικότητα":"20"},"imguri":"","layers":"Main","isDummy":false,"latlng":{"lat":296,"lng":511.00034270558626}},{"id":67,"description":"Διασκέδαση","values":{"Ευεξία":"20","Οικογένεια":"-15","Καριέρα":"-15","Κοινωνικότητα":"20"},"imguri":"","layers":"Main","isDummy":false,"latlng":{"lat":309,"lng":823.0075395228939}},{"id":70,"description":"","values":{"Ευεξία":"","Οικογένεια":"","Καριέρα":"","Κοινωνικότητα":""},"imguri":"","layers":"Main","isDummy":false,"latlng":{"lat":534,"lng":-52.134683295337766}}]