<xml xmlns="http://www.w3.org/1999/xhtml"><block type="controls_if" id="oUgd{3K~U[F@#aF]}ygA" x="696" y="565"><value name="IF0"><block type="logic_operation" id="I_0WkwXeCI036N%R;?5A"><field name="OP">AND</field><value name="A"><block type="logic_compare" id="~a@gT-aydG21O-1G.sjK"><field name="OP">GT</field><value name="A"><block type="singleVar" id="RTuC:_mI#d@k69q|ly)+"><field name="varName">Ευεξία</field></block></value><value name="B"><block type="math_number" id="qIM#58w_X12vI;dXPueD"><field name="NUM">100</field></block></value></block></value><value name="B"><block type="logic_compare" id="cs9%|Sv}UIQ4J^L{ZMPB"><field name="OP">GT</field><value name="A"><block type="singleVar" id=":-,x/#_.)76u7{}6E%gh"><field name="varName">Καριέρα</field></block></value><value name="B"><block type="math_number" id=".}Sun5N:pP-C=E`GgMr9"><field name="NUM">100</field></block></value></block></value></block></value><statement name="DO0"><block type="popup" id="[XMzb=tiZEwjnqR(]mUV"><field name="popuptext">Δεν κατάφερες να ισορροπήσεις τους ρόλους σου! Ήσουν υπερβολικά εγωκεντρική</field><next><block type="gameover" id="MLR/6i}9oB6st5-+BGN}"></block></next></block></statement><next><block type="controls_if" id="O~.(m-B8wY1Yt~MgW}*,"><value name="IF0"><block type="logic_operation" id="k7l8B=l3[,yil4iKSE!I"><field name="OP">AND</field><value name="A"><block type="logic_compare" id="h4b{=*HR?0`bKVF?X%Xm"><field name="OP">GT</field><value name="A"><block type="singleVar" id="}/Pj|J8-(VX:4iIcdXEe"><field name="varName">Ευεξία</field></block></value><value name="B"><block type="math_number" id="DVHCJuvDvC=_i%Z[Kh_S"><field name="NUM">100</field></block></value></block></value><value name="B"><block type="logic_compare" id="9+t(kF_H4G}daM}=5_8r"><field name="OP">GT</field><value name="A"><block type="singleVar" id="DucJ*]c/0/7FOA7m~(@L"><field name="varName">Κοινωνικότητα</field></block></value><value name="B"><block type="math_number" id="8nw`t[6!0YOwDaK/.XH/"><field name="NUM">100</field></block></value></block></value></block></value><statement name="DO0"><block type="popup" id="S5i]XFI(YgtKPswj^`h6"><field name="popuptext">Δεν κατάφερες να ισορροπήσεις τους ρόλους σου! Ήσουν υπερβολικά εγωκεντρική</field><next><block type="gameover" id="1kMUmd|5b9ZgHk{)C/wI"></block></next></block></statement><next><block type="controls_if" id="^S.D@bvnq{Vzw-HnYF-Q"><value name="IF0"><block type="logic_compare" id="+Jl1vD?Raw;XVL0B5qpO"><field name="OP">LT</field><value name="A"><block type="singleVar" id="R5/]P^W3lMg+UAiB*i0G"><field name="varName">Οικογένεια</field></block></value><value name="B"><block type="math_number" id="}Es_ptR#77gcY@(K)hDH"><field name="NUM">10</field></block></value></block></value><statement name="DO0"><block type="popup" id="elUk+?8Up`pkw(mW?v`a"><field name="popuptext">Δεν κατάφερες να ισορροπήσεις τους ρόλους σου! Παραμέλησες τελείως την οικογένεια σου!</field><next><block type="gameover" id="X%GOM7iQy7NlC5oTe6M%"></block></next></block></statement><next><block type="controls_if" id="Ii3~#q7kcnO}GrL5S?Z("><value name="IF0"><block type="logic_compare" id="J)4LD=u@`vxb*[FyriYT"><field name="OP">GT</field><value name="A"><block type="singleVar" id="{wB_R~rfBI9Z7j:@|p4b"><field name="varName">Οικογένεια</field></block></value><value name="B"><block type="math_number" id="C`S%SHh%}4D1;BkB2+r!"><field name="NUM">100</field></block></value></block></value><statement name="DO0"><block type="popup" id="]V2x{_w#jgizSiz:~Tv^"><field name="popuptext">Δεν κατάφερες να ισορροπήσεις τους ρόλους σου! Παραμέλησες τελείως τον εαυτό σου για την οικογένεια σου!</field><next><block type="gameover" id="#yJqLX55v?jAms)FLV=C"></block></next></block></statement><next><block type="controls_if" id="}k4rr.WoT?fp^,^n^l#{"><value name="IF0"><block type="logic_compare" id="h%O/!/E{Na~Y,777}FFM"><field name="OP">LT</field><value name="A"><block type="singleVar" id="Kq:9I0@IO)L]cow~4#Z@"><field name="varName">Κοινωνικότητα</field></block></value><value name="B"><block type="math_number" id="1x+KKEHuQYT=D`-4L5Nl"><field name="NUM">10</field></block></value></block></value><statement name="DO0"><block type="popup" id="LniqR+1,dv6EuWFs?BaD"><field name="popuptext">Δεν κατάφερες να ισορροπήσεις τους ρόλους σου! Έχασες τελείως την επαφή με τον περίγυρό σου!</field><next><block type="gameover" id="x:S^kU[%t,7i@JG-kGw7"></block></next></block></statement><next><block type="controls_if" id="K;0e~x4H!l8KaL,_@.^4"><value name="IF0"><block type="logic_compare" id="C~KC3SS1:%pt4Vj*R4.L"><field name="OP">LT</field><value name="A"><block type="singleVar" id="v+q}-l,,e6Lm5)ZCc~Ci"><field name="varName">Ευεξία</field></block></value><value name="B"><block type="math_number" id="`s0G/W9S66K5yApU^%_g"><field name="NUM">10</field></block></value></block></value><statement name="DO0"><block type="popup" id="9C~aHMhx9Sg^8UCa~ju("><field name="popuptext">Δεν κατάφερες να ισορροπήσεις τους ρόλους σου! Παραμέλησες τελείως τον εαυτό σου!</field><next><block type="gameover" id="+xj[Q*P~!*h~AnGh=gZf"></block></next></block></statement><next><block type="controls_if" id="0eErNP@ttZ{_bM6(`^hN"><value name="IF0"><block type="logic_compare" id="EKlc|t:LMu{7H0gS*dgh"><field name="OP">GT</field><value name="A"><block type="singleVar" id="Vyiq*1QB??YF=T?_rW)Y"><field name="varName">Κοινωνικότητα</field></block></value><value name="B"><block type="math_number" id="#+!dz#Ev{naK1#GuptwF"><field name="NUM">100</field></block></value></block></value><statement name="DO0"><block type="popup" id="QwE5Q24*^Kdc{]sPjbJZ"><field name="popuptext">Δεν κατάφερες να ισορροπήσεις τους ρόλους σου! Αποκόπηκες από τον περίγυρό σου!</field><next><block type="gameover" id="1)(LWSM`]Hzp`Nb.T`WN"></block></next></block></statement></block></next></block></next></block></next></block></next></block></next></block></next></block></xml>