<xml xmlns="http://www.w3.org/1999/xhtml"><block type="controls_if" id="oUgd{3K~U[F@#aF]}ygA" x="259" y="163"><value name="IF0"><block type="logic_compare" id="~a@gT-aydG21O-1G.sjK"><field name="OP">LT</field><value name="A"><block type="singleVar" id="RTuC:_mI#d@k69q|ly)+"><field name="varName">Ευεξία</field></block></value><value name="B"><block type="math_number" id="qIM#58w_X12vI;dXPueD"><field name="NUM">25</field></block></value></block></value><statement name="DO0"><block type="popup" id="[Q+z*@b?dHC7[R=3+,rX"><field name="popuptext">Πρόσεχε! Παραμελείς τον εαυτό σου!</field></block></statement><next><block type="controls_if" id="Ndd+uE`Z!0RwbnC9D@Yk"><value name="IF0"><block type="logic_operation" id="XDfL038U#7f(B~f.D3vC"><field name="OP">OR</field><value name="A"><block type="logic_compare" id="aZW5N1RDAn9N#Pfsrppm"><field name="OP">LT</field><value name="A"><block type="singleVar" id="@7(9)vSFRp}[G;Rx[u)R"><field name="varName">Οικογένεια</field></block></value><value name="B"><block type="math_number" id="~5pl%U3:`vX,UZ.^^~`)"><field name="NUM">25</field></block></value></block></value><value name="B"><block type="logic_compare" id="m=cCE1=]Bj;R5u31N`i["><field name="OP">GT</field><value name="A"><block type="singleVar" id="O5(UiDwo]Drp!ym@;,IG"><field name="varName">Οικογένεια</field></block></value><value name="B"><block type="math_number" id="[vI]2f]fP~kle5=}5qq!"><field name="NUM">85</field></block></value></block></value></block></value><statement name="DO0"><block type="popup" id="48k^w{n3{1bel2n,7~PO"><field name="popuptext">Το πεδίο "Οικογένεια" παίρνει ακραίες τιμές, πρόσεχε!"</field></block></statement><next><block type="controls_if" id="UPIYq)i]E#7z:#JuiglZ"><value name="IF0"><block type="logic_operation" id="6Iby9TcI{8+e|-=n9+UH"><field name="OP">OR</field><value name="A"><block type="logic_compare" id="sbkY{JK|i#BWk}kEx:Sc"><field name="OP">LT</field><value name="A"><block type="singleVar" id="AC7roQIr-!131FBk,t){"><field name="varName">Καριέρα</field></block></value><value name="B"><block type="math_number" id="_i1rG`Q3|~dd4v,Vm)0]"><field name="NUM">25</field></block></value></block></value><value name="B"><block type="logic_compare" id="2!EnQ+r%aj%6EFBc_RQu"><field name="OP">GT</field><value name="A"><block type="singleVar" id="!iSX39ig~[[(gGRe)fXt"><field name="varName">Καριέρα</field></block></value><value name="B"><block type="math_number" id="_[?V,@14kd,Q|O=7vH61"><field name="NUM">85</field></block></value></block></value></block></value><statement name="DO0"><block type="popup" id="GGRAN:@f80e=/4j*nW!M"><field name="popuptext">Το πεδίο "Καριέρα" παίρνει ακραίες τιμές, πρόσεχε!"</field></block></statement><next><block type="controls_if" id="3F_.]J@=C0jKV#)r/aHo"><value name="IF0"><block type="logic_operation" id="5`Y}cKNcs/{FquMfD0Y2"><field name="OP">OR</field><value name="A"><block type="logic_compare" id="pli+;;%M]r7]4[1/R9v1"><field name="OP">LT</field><value name="A"><block type="singleVar" id="t),B^[+p:D?ErI{fN`-e"><field name="varName">Κοινωνικότητα</field></block></value><value name="B"><block type="math_number" id="7j8)X3{]Y5K|}3J+{1aa"><field name="NUM">25</field></block></value></block></value><value name="B"><block type="logic_compare" id="TaPrDQ0Ze|U)nd?VAf~s"><field name="OP">GT</field><value name="A"><block type="singleVar" id="X^#Y`}p#3GT/QdB+91D)"><field name="varName">Κοινωνικότητα</field></block></value><value name="B"><block type="math_number" id="(Yw.d:AT}*JMhYK[98^^"><field name="NUM">85</field></block></value></block></value></block></value><statement name="DO0"><block type="popup" id="d:Rqg~9dT*5#*cliF:ts"><field name="popuptext">Το πεδίο "Κοινωνικότητα παίρνει ακραίες τιμές, πρόσεχε!"</field></block></statement></block></next></block></next></block></next></block></xml>