[{"id":217,"description":"Γραφείο","values":{"Χρησιμότητα_Προϊόντος":"-2","Άνεση":"3","Αποδοχή_Εμφάνισης":"-35"},"imguri":"","layers":"Main","isDummy":false,"latlng":{"lat":38.59531361091362,"lng":61.59967829143034}},{"id":220,"description":"Παιχνίδι Beach Volley","values":{"Χρησιμότητα_Προϊόντος":"3","Άνεση":"-3","Αποδοχή_Εμφάνισης":"5"},"imguri":"","layers":"Main","isDummy":false,"latlng":{"lat":-77.29660560344828,"lng":-11.70011307273225}},{"id":223,"description":"Ξεκούραση στο σπίτι","values":{"Χρησιμότητα_Προϊόντος":"-5","Άνεση":"2","Αποδοχή_Εμφάνισης":"0"},"imguri":"","layers":"Main","isDummy":false,"latlng":{"lat":-34.79659032838606,"lng":36.900195626924415}},{"id":226,"description":"Γυμναστήριο","values":{"Χρησιμότητα_Προϊόντος":"2","Άνεση":"-2","Αποδοχή_Εμφάνισης":"20"},"imguri":"","layers":"Main","isDummy":false,"latlng":{"lat":-23.201276717472467,"lng":126.49993695917738}},{"id":229,"description":"Night Club","values":{"Χρησιμότητα_Προϊόντος":"1","Άνεση":"2","Αποδοχή_Εμφάνισης":"-30"},"imguri":"","layers":"Main","isDummy":false,"latlng":{"lat":2.4110852515108547,"lng":-53.20041301757536}},{"id":232,"description":"Ορειβασία στο Βουνό","values":{"Χρησιμότητα_Προϊόντος":"4","Άνεση":"-4","Αποδοχή_Εμφάνισης":"40"},"imguri":"","layers":"Main","isDummy":false,"latlng":{"lat":97.39404453097228,"lng":-60.998297897788945}},{"id":235,"description":"Πολυτελές Εστιατόριο","values":{"Χρησιμότητα_Προϊόντος":"1","Άνεση":"1","Αποδοχή_Εμφάνισης":"-25"},"imguri":"","layers":"Main","isDummy":false,"latlng":{"lat":-50.70344022173836,"lng":-91.39994346363389}},{"id":238,"description":"Κινηματογράφος","values":{"Χρησιμότητα_Προϊόντος":"-3","Άνεση":"2","Αποδοχή_Εμφάνισης":"5"},"imguri":"","layers":"Main","isDummy":false,"latlng":{"lat":1.1927449009065185,"lng":96.69964126843377}},{"id":241,"description":"Αγώνας Ποδοσφαίρου","values":{"Χρησιμότητα_Προϊόντος":"-2","Άνεση":"-2","Αποδοχή_Εμφάνισης":"40"},"imguri":"","layers":"Main","isDummy":false,"latlng":{"lat":20.50639886242446,"lng":-115.09941086886977}},{"id":244,"description":"Θέατρο","values":{"Χρησιμότητα_Προϊόντος":"-2","Άνεση":"2","Αποδοχή_Εμφάνισης":"-10"},"imguri":"","layers":"Main","isDummy":false,"latlng":{"lat":-4.014930678990396,"lng":25.900415267932374}}]