<xml xmlns="http://www.w3.org/1999/xhtml"><block type="controls_if" id="oUgd{3K~U[F@#aF]}ygA" x="362" y="34"><value name="IF0"><block type="logic_compare" id="~a@gT-aydG21O-1G.sjK"><field name="OP">LT</field><value name="A"><block type="singleVar" id="RTuC:_mI#d@k69q|ly)+"><field name="varName">Χρησιμότητα_Προϊόντος</field></block></value><value name="B"><block type="math_number" id="qIM#58w_X12vI;dXPueD"><field name="NUM">2</field></block></value></block></value><statement name="DO0"><block type="popup" id="[XMzb=tiZEwjnqR(]mUV"><field name="popuptext">Τέλος παιχνιδιού! Το "Έξυπνο" Jacket δεν είναι τόσο χρήσιμο για εσάς</field><next><block type="gameover" id="MLR/6i}9oB6st5-+BGN}"></block></next></block></statement><next><block type="controls_if" id="CQtCYY5JFqv0_Th(0In`"><value name="IF0"><block type="logic_compare" id="MY#97+?yo@xKwYn.G{[@"><field name="OP">LTE</field><value name="A"><block type="singleVar" id="(h8i^P_CR@UA8WLk;eXn"><field name="varName">Άνεση</field></block></value><value name="B"><block type="math_number" id="T.P4jlUH100QUp?svh|2"><field name="NUM">0</field></block></value></block></value><statement name="DO0"><block type="popup" id="P%I/By-sd#m3.YZP^m,@"><field name="popuptext">Δεν αισθάνεστε άνετα με το νέο σας Jacket</field><next><block type="gameover" id="yF}()#;p_kD0-UgYiZUD"></block></next></block></statement><next><block type="controls_if" id="ru5^_!Vz:ZWZbFj@%y!M"><value name="IF0"><block type="logic_compare" id="D~6?/Q6.}4E12B,Dz-6]"><field name="OP">LTE</field><value name="A"><block type="singleVar" id="C4S3zjz#0L/+([?L(r}B"><field name="varName">Αποδοχή_Εμφάνισης</field></block></value><value name="B"><block type="math_number" id=":orgkaA9eC}YCJnaK;wu"><field name="NUM">0</field></block></value></block></value><statement name="DO0"><block type="popup" id=",x#THow4Iu.hTdTL]R7B"><field name="popuptext">Σε κανέναν δεν αρέσει η νέα σας εμφάνιση όταν φοράτε το Έξυπνο Jacket :(</field><next><block type="gameover" id=";]RSHNJcs,oTDzL566t%"></block></next></block></statement></block></next></block></next></block></xml>