<xml xmlns="http://www.w3.org/1999/xhtml"><block type="initialvalues" id="7%pi|u/wU`(M`t7@0~7Z" x="88" y="88"><statement name="Initial Values"><block type="initialValue" id="id1"><field name="varName">Χρησιμότητα_Προϊόντος</field><value name="varVal"><block type="math_number" id="var1"><field name="NUM">8</field></block></value><next><block type="initialValue" id="id2"><field name="varName">Άνεση</field><value name="varVal"><block type="math_number" id="var2"><field name="NUM">8</field></block></value><next><block type="initialValue" id="hN]UqGXG[4m-mkV)RxTA"><field name="varName">Αποδοχή_Εμφάνισης</field><value name="varVal"><block type="math_number" id="exHA:P@Ha1(lgi[{p6wt"><field name="NUM">40</field></block></value></block></next></block></next></block></statement></block></xml>