[{"id":42,"description":"Bakery","values":{"Joy":"2","Money":"0","Health":"0","Hunger":"4"},"imguri":"","layers":"Main","latlng":{"lat":90.02150705943362,"lng":-7.000567367403676}},{"id":45,"description":"Fast food","values":{"Joy":"2","Money":"0","Health":"0","Hunger":"6"},"imguri":"","layers":"Main","latlng":{"lat":74.23893130112323,"lng":54.603256359050306}},{"id":48,"description":"House of Granny","values":{"Joy":"-2","Money":"15","Health":"0","Hunger":"7"},"imguri":"","layers":"Main","latlng":{"lat":-80.12214470290084,"lng":-145.30772687817912}},{"id":51,"description":"Italian Restaurant","values":{"Joy":"1","Money":"0","Health":"0","Hunger":"5"},"imguri":"","layers":"Main","latlng":{"lat":9.165758668101404,"lng":-51.89970655961338}},{"id":54,"description":"Pasta","values":{"Joy":"3","Money":"-10","Health":"1","Hunger":"-4"},"imguri":"","layers":"italian","isDummy":false,"latlng":{"lat":17.585247028728304,"lng":-46.59822835250978}},{"id":55,"description":"Salad","values":{"Joy":"-3","Money":"-6","Health":"3","Hunger":"-2"},"imguri":"","layers":"Menu","latlng":{"lat":-2.2224709887064193,"lng":-35.30002826818307}},{"id":56,"description":"Pizza","values":{"Joy":"4","Money":"-12","Health":"-3","Hunger":"-5"},"imguri":"","layers":"italian","isDummy":false,"latlng":{"lat":22.478227320884656,"lng":30.702808568835366}},{"id":57,"description":"Soda","values":{"Joy":"4","Money":"-1","Health":"-4","Hunger":"2"},"imguri":"","layers":"Menu","latlng":{"lat":-55.1045147529328,"lng":-103.60628231853664}},{"id":58,"description":"Cake","values":{"Joy":"5","Money":"-10","Health":"-4","Hunger":"-3"},"imguri":"","layers":"pastry","isDummy":false,"latlng":{"lat":35.72049008703361,"lng":-20.001702102211027}},{"id":59,"description":"Black Chocolate","values":{"Joy":"2","Money":"-5","Health":"1","Hunger":"-1"},"imguri":"","layers":"pastry","isDummy":false,"latlng":{"lat":47.47623117321851,"lng":87.19967178697385}},{"id":60,"description":"Cookies","values":{"Joy":"3","Money":"-4","Health":"-2","Hunger":"-2"},"imguri":"","layers":"Bakery","isDummy":false,"latlng":{"lat":-50.64226915215073,"lng":-93.79920110785383}},{"id":61,"description":"Burger","values":{"Joy":"6","Money":"-8","Health":"-4","Hunger":"-4"},"imguri":"","layers":"Menu","latlng":{"lat":4.3983028017241566,"lng":29.00434981676159}},{"id":62,"description":"French Fries","values":{"Joy":"4","Money":"-3","Health":"-5","Hunger":"-2"},"imguri":"","layers":"Menu","latlng":{"lat":-29.719086162704144,"lng":-34.69992395026435}},{"id":63,"description":"Cheese Pie","values":{"Joy":"3","Money":"-2","Health":"-2","Hunger":"-1"},"imguri":"","layers":"Bakery","isDummy":false,"latlng":{"lat":31.57610174857804,"lng":-82.8010369213452}},{"id":64,"description":"Sandwich","values":{"Joy":"2","Money":"-6","Health":"-1","Hunger":"-3"},"imguri":"","layers":"Bakery","isDummy":false,"latlng":{"lat":-113.44097715961607,"lng":-118.100238029199}},{"id":65,"description":"Grill House","values":{"Joy":"1","Money":"0","Health":"0","Hunger":"7"},"imguri":"","layers":"Main","latlng":{"lat":-66.22476976315323,"lng":58.50031520411318}},{"id":68,"description":"Pork Chops","values":{"Joy":"4","Money":"-2","Health":"-3","Hunger":"-3"},"imguri":"","layers":"Menu","latlng":{"lat":-33.65928696009598,"lng":28.800280431473595}},{"id":69,"description":"Grilled Chicken","values":{"Joy":"2","Money":"-7","Health":"1","Hunger":"-4"},"imguri":"","layers":"Menu","latlng":{"lat":-55.553323853537165,"lng":26.900589131130232}},{"id":70,"description":"Beef","values":{"Joy":"4","Money":"-8","Health":"1","Hunger":"-5"},"imguri":"","layers":"Menu","latlng":{"lat":-12.928148884642752,"lng":28.302282478527786}},{"id":71,"description":"Beans","values":{"Joy":"-10","Money":"0","Health":"6","Hunger":"-2"},"imguri":"","layers":"grandmother","latlng":{"lat":18.61040453384595,"lng":90.40028918628707}},{"id":72,"description":"Fish","values":{"Joy":"-7","Money":"0","Health":"4","Hunger":"-2"},"imguri":"","layers":"grandmother","latlng":{"lat":-2.3795477101002973,"lng":169.300706457962}},{"id":73,"description":"Brokoli","values":{"Joy":"-8","Money":"0","Health":"5","Hunger":"-1"},"imguri":"","layers":"grandmother","isDummy":false,"latlng":{"lat":7.7107308196515305,"lng":-190.0006304082263}},{"id":74,"description":"Exit Restaurant","values":{"Joy":"0","Money":"0","Health":"0","Hunger":"0"},"imguri":"","layers":"Menu","isDummy":true,"latlng":{"lat":-130.4983228329922,"lng":123.40013258610173}},{"id":75,"description":"Exit","values":{"Joy":"0","Money":"0","Health":"0","Hunger":"0"},"imguri":"","layers":"grandmother","isDummy":true,"latlng":{"lat":-76.234375,"lng":111.03125}},{"id":76,"description":"Exit","values":{"Joy":"0","Money":"0","Health":"0","Hunger":"0"},"imguri":"","layers":"Bakery","isDummy":true,"latlng":{"lat":-0.3060408504268821,"lng":150.70099564424908}},{"id":77,"description":"Greek Taverna","values":{"Joy":"1","Money":"0","Health":"0","Hunger":"8"},"imguri":"","layers":"Main","isDummy":false,"latlng":{"lat":-10.840892221386468,"lng":-110.4713766535789}},{"id":80,"description":"Pastry","values":{"Joy":"2","Money":"0","Health":"0","Hunger":"9"},"imguri":"","layers":"Main","isDummy":false,"latlng":{"lat":57.601664808594904,"lng":-115.47153425563548}},{"id":83,"description":"Bread","values":{"Joy":"-2","Money":"-1","Health":"1","Hunger":"-1"},"imguri":"","layers":"Bakery","isDummy":false,"latlng":{"lat":29.11040453384595,"lng":-159.20036523602275}},{"id":84,"description":"macrones","values":{"Joy":"5","Money":"-5","Health":"-2","Hunger":"-1"},"imguri":"","layers":"pastry","isDummy":false,"latlng":{"lat":-19.687250481541753,"lng":56.599993495543515}},{"id":85,"description":"muffin","values":{"Joy":"3","Money":"-3","Health":"-2","Hunger":"-2"},"imguri":"","layers":"pastry","isDummy":false,"latlng":{"lat":95.93454010953609,"lng":33.998487020256846}},{"id":86,"description":"Tart","values":{"Joy":"1","Money":"-4","Health":"-1","Hunger":"-1"},"imguri":"","layers":"pastry","isDummy":false,"latlng":{"lat":53.80604085042688,"lng":-131.59992282508586}},{"id":87,"description":"Mousakas","values":{"Joy":"-4","Money":"-6","Health":"2","Hunger":"-5"},"imguri":"","layers":"Menu","isDummy":false,"latlng":{"lat":-31.563732346298025,"lng":-104.89994346363389}},{"id":88,"description":"Stuffed Tomatos","values":{"Joy":"-3","Money":"-5","Health":"3","Hunger":"-4"},"imguri":"","layers":"Menu","isDummy":false,"latlng":{"lat":-55.81945818648964,"lng":-36.59991519545082}},{"id":89,"description":"Fresh Fish","values":{"Joy":"-5","Money":"-9","Health":"5","Hunger":"-3"},"imguri":"","layers":"Menu","isDummy":false,"latlng":{"lat":-84,"lng":-31.102121624242955}},{"id":90,"description":"Kalamari Fried","values":{"Joy":"4","Money":"-8","Health":"-2","Hunger":"-3"},"imguri":"","layers":"Menu","isDummy":false,"latlng":{"lat":-83.8200528239424,"lng":-102.89988805244627}},{"id":91,"description":"Fakes Soup","values":{"Joy":"-6","Money":"-4","Health":"4","Hunger":"-2"},"imguri":"","layers":"Menu","isDummy":false,"latlng":{"lat":-5.5,"lng":-104.40221293324863}},{"id":92,"description":"Exit","values":{"Joy":"0","Money":"0","Health":"0","Hunger":"0"},"imguri":"","layers":"pastry","isDummy":true,"latlng":{"lat":106.99664566598432,"lng":-69.49847939062181}},{"id":93,"description":"Toast","values":{"Joy":"1","Money":"-3","Health":"-2","Hunger":"-1"},"imguri":"","layers":"Bakery","isDummy":false,"latlng":{"lat":-68.29267366991101,"lng":26.032059071254537}},{"id":94,"description":"Italian Salad","values":{"Joy":"-3","Money":"-9","Health":"2","Hunger":"-3"},"imguri":"","layers":"italian","isDummy":false,"latlng":{"lat":40.99833807898547,"lng":-47.19839571125118}},{"id":95,"description":"Mozzarella cheese","values":{"Joy":"-1","Money":"-4","Health":"1","Hunger":"-1"},"imguri":"","layers":"italian","isDummy":false,"latlng":{"lat":44.00335433401568,"lng":26.900384749392316}},{"id":96,"description":"Exit","values":{"Joy":"0","Money":"0","Health":"0","Hunger":"0"},"imguri":"","layers":"italian","isDummy":true,"latlng":{"lat":61.85772167000839,"lng":-158.59903643875148}}]