[{"id":42,"description":"He","values":{"AirMass":"AirMass + 1.8","Air_Mass":"AirMass + 1.8","AirVolume":"AirVolume + 10","Air_Volume":"AirVolume + 10","Fun":"Fun + 3","Comfort":"Comfort - 4"},"imguri":"","layers":"Main","isDummy":false,"latlng":{"lat":72,"lng":321.0090278584644}},{"id":45,"description":"CO2","values":{"AirMass":"AirMass + 18.3","Air_Mass":"AirMass + 18.3","AirVolume":"AirVolume + 10","Air_Volume":"AirVolume + 10","Fun":"Fun - 1","Comfort":"Comfort + 3"},"imguri":"","layers":"Main","isDummy":false,"latlng":{"lat":74,"lng":383.61138120380315}},{"id":48,"description":"O2","values":{"AirMass":"AirMass + 13.6","Air_Mass":"AirMass + 13.6","AirVolume":"AirVolume + 10","Air_Volume":"AirVolume + 10","Fun":"Fun - 3","Comfort":"Comfort + 2"},"imguri":"","layers":"Main","isDummy":false,"latlng":{"lat":77,"lng":63.80342600961279}},{"id":51,"description":"H","values":{"AirMass":"AirMass + 0.9","Air_Mass":"AirMass + 0.9","AirVolume":"AirVolume + 10","Air_Volume":"AirVolume + 10","Fun":"Fun + 3","Comfort":"Comfort - 3"},"imguri":"","layers":"Main","isDummy":false,"latlng":{"lat":73.80001831054688,"lng":201.4030633697397}},{"id":54,"description":"Ne","values":{"AirMass":"AirMass + 8.6","Air_Mass":"AirMass + 8.6","AirVolume":"AirVolume + 10","Air_Volume":"AirVolume + 10","Fun":"Fun + 1","Comfort":"Comfort - 3"},"imguri":"","layers":"Main","isDummy":false,"latlng":{"lat":79,"lng":132.00361114338568}},{"id":57,"description":"Ar","values":{"AirMass":"AirMass + 16.3","Air_Mass":"AirMass + 16.3","AirVolume":"AirVolume + 10","Air_Volume":"AirVolume + 10","Fun":"Fun - 2","Comfort":"Comfort + 1"},"imguri":"","layers":"Main","isDummy":false,"latlng":{"lat":77,"lng":259.20741504821694}},{"id":60,"description":"Valve1","values":{"AirMass":"AirMass - 5","Air_Mass":"AirMass - 5","AirVolume":"AirVolume - 10","Air_Volume":"AirVolume - 10","Fun":"Fun - 2","Comfort":"Comfort - 1"},"imguri":"","layers":"Main","isDummy":false,"latlng":{"lat":64,"lng":481.77783203125}},{"id":63,"description":"Valve2","values":{"AirMass":"AirMass - 10","Air_Mass":"AirMass - 10","AirVolume":"AirVolume - 5","Air_Volume":"AirVolume - 5","Fun":"Fun + 2","Comfort":"Comfort - 2"},"imguri":"","layers":"Main","isDummy":false,"latlng":{"lat":62,"lng":557.6666870117188}},{"id":66,"description":"Valve3","values":{"AirMass":"AirMass - 5","Air_Mass":"AirMass - 5","AirVolume":"AirVolume - 5","Air_Volume":"AirVolume - 5","Fun":"Fun - 3","Comfort":"Comfort + 3"},"imguri":"","layers":"Main","isDummy":false,"latlng":{"lat":56.3333740234375,"lng":635.4443969726562}},{"id":69,"description":"Valve4","values":{"AirMass":"AirMass - 15","Air_Mass":"AirMass - 15","AirVolume":"AirVolume - 20","Air_Volume":"AirVolume - 20","Fun":"Fun + 3","Comfort":"Comfort - 3"},"imguri":"","layers":"Main","isDummy":false,"latlng":{"lat":65.66668701171875,"lng":706.9999389648438}},{"id":72,"description":"Valve5","values":{"AirMass":"AirMass - 20","Air_Mass":"AirMass - 20","AirVolume":"AirVolume + rand (-20, -1)","Air_Volume":"AirVolume + rand (-20, -1)","Fun":"Fun + 2","Comfort":"Comfort + 1"},"imguri":"","layers":"Main","isDummy":false,"latlng":{"lat":59.666656494140625,"lng":771.888916015625}},{"id":75,"description":"O2","values":{"AirMass":"AirMass + 6","Air_Mass":"AirMass + 6","AirVolume":"AirVolume + 4.41","Air_Volume":"AirVolume + 4.41","Fun":"Fun - 4","Comfort":"Comfort + 2"},"imguri":"","layers":"level2.png","isDummy":false,"latlng":{"lat":68.19998168945312,"lng":67.6158875053626}},{"id":76,"description":"Ne","values":{"AirMass":"AirMass + 6","Air_Mass":"AirMass + 6","AirVolume":"AirVolume + 6.97","Air_Volume":"AirVolume + 6.97","Fun":"Fun + 2","Comfort":"Comfort - 1"},"imguri":"","layers":"level2.png","isDummy":false,"latlng":{"lat":63.2000732421875,"lng":130.02980718827735}},{"id":77,"description":"H","values":{"AirMass":"AirMass + 6","Air_Mass":"AirMass + 6","AirVolume":"AirVolume + 36","Air_Volume":"AirVolume + 36","Fun":"Fun + 4","Comfort":"Comfort - 3"},"imguri":"","layers":"level2.png","isDummy":false,"latlng":{"lat":67.60006713867188,"lng":197.2425931855372}},{"id":78,"description":"Ar","values":{"AirMass":"AirMass + 6","Air_Mass":"AirMass + 6","AirVolume":"AirVolume + 3.66","Air_Volume":"AirVolume + 3.66","Fun":"Fun - 2","Comfort":"Comfort + 4"},"imguri":"","layers":"level2.png","isDummy":false,"latlng":{"lat":72.39993286132812,"lng":260.263357260005}},{"id":79,"description":"He","values":{"AirMass":"AirMass + 6","Air_Mass":"AirMass + 6","AirVolume":"AirVolume + 33.3","Air_Volume":"AirVolume + 33.3","Fun":"Fun + 3","Comfort":"Comfort - 4"},"imguri":"","layers":"level2.png","isDummy":false,"latlng":{"lat":69,"lng":322.88193023988924}},{"id":80,"description":"CO2","values":{"AirMass":"AirMass + 6","Air_Mass":"AirMass + 6","AirVolume":"AirVolume + 3.27","Air_Volume":"AirVolume + 3.27","Fun":"Fun - 3","Comfort":"Comfort + 4"},"imguri":"","layers":"level2.png","isDummy":false,"latlng":{"lat":75.20001220703125,"lng":374.5005642411538}},{"id":81,"description":"O2","values":{"AirMass":"AirMass + 6.8","Air_Mass":"AirMass + 6.8","AirVolume":"AirVolume + 5","Air_Volume":"AirVolume + 5","Fun":"Fun - 3","Comfort":"Comfort + 1"},"imguri":"","layers":"level3.png","isDummy":false,"latlng":{"lat":60,"lng":63.82419008408067}},{"id":82,"description":"Ne","values":{"AirMass":"AirMass + 9.5","Air_Mass":"AirMass + 9.5","AirVolume":"AirVolume + 11","Air_Volume":"AirVolume + 11","Fun":"Fun + 2","Comfort":"Comfort - 3"},"imguri":"","layers":"level3.png","isDummy":false,"latlng":{"lat":57.399932861328125,"lng":134.03430586216427}},{"id":83,"description":"H","values":{"AirMass":"AirMass + 0.5","Air_Mass":"AirMass + 0.5","AirVolume":"AirVolume + 5.5","Air_Volume":"AirVolume + 5.5","Fun":"Fun + 3","Comfort":"Comfort - 1"},"imguri":"","layers":"level3.png","isDummy":false,"latlng":{"lat":63,"lng":194.45000823375403}},{"id":84,"description":"Ar","values":{"AirMass":"AirMass + 10","Air_Mass":"AirMass + 10","AirVolume":"AirVolume + 6.11","Air_Volume":"AirVolume + 6.11","Fun":"Fun - 2","Comfort":"Comfort + 2"},"imguri":"","layers":"level3.png","isDummy":false,"latlng":{"lat":63.600067138671875,"lng":251.06500058094286}},{"id":85,"description":"He","values":{"AirMass":"AirMass + 4","Air_Mass":"AirMass + 4","AirVolume":"AirVolume + 22","Air_Volume":"AirVolume + 22","Fun":"Fun + 4","Comfort":"Comfort - 2"},"imguri":"","layers":"level3.png","isDummy":false,"latlng":{"lat":66,"lng":320.27870461939415}},{"id":86,"description":"CO2","values":{"AirMass":"AirMass + 11","Air_Mass":"AirMass + 11","AirVolume":"AirVolume + 6","Air_Volume":"AirVolume + 6","Fun":"Fun - 2","Comfort":"Comfort + 3"},"imguri":"","layers":"level3.png","isDummy":false,"latlng":{"lat":65.39993286132812,"lng":381.2958575504763}},{"id":87,"description":"Unknown1","values":{"AirMass":"AirMass + 7","Air_Mass":"AirMass + 7","AirVolume":"AirVolume + rand (1, 20)","Air_Volume":"AirVolume + rand (1, 20)","Fun":"Fun + rand (1, 5)","Comfort":"Comfort - 3"},"imguri":"","layers":"6level","isDummy":false,"latlng":{"lat":53.33331461588659,"lng":67.44444314330748}},{"id":88,"description":"Unknown2","values":{"AirMass":"AirMass + rand (1, 15)","Air_Mass":"AirMass + rand (1, 15)","AirVolume":"AirVolume + 5","Air_Volume":"AirVolume + rand 5","Fun":"Fun - 2","Comfort":"Comfort + rand (0, 4)"},"imguri":"","layers":"6level","isDummy":false,"latlng":{"lat":49.66665791829479,"lng":190.33334397899935}},{"id":89,"description":"Unknown3","values":{"AirMass":"AirMass + rand (1, 20)","Air_Mass":"AirMass + rand (1, 20)","AirVolume":"AirVolume + rand (1, 30)","Air_Volume":"AirVolume + rand (1, 30)","Fun":"Fun + 2","Comfort":"Comfort + 2"},"imguri":"","layers":"6level","isDummy":false,"latlng":{"lat":43.33334513346284,"lng":364.4444591118065}},{"id":90,"description":"Valve1","values":{"AirMass":"AirMass - 5","Air_Mass":"AirMass - 5","AirVolume":"AirVolume - 10","Air_Volume":"AirVolume - 10","Fun":"Fun + rand (-1, 3)","Comfort":"Comfort + 3"},"imguri":"","layers":"level2.png","isDummy":false,"latlng":{"lat":65.60000610351562,"lng":505.7296003836494}},{"id":91,"description":"Valve2","values":{"AirMass":"AirMass - 10","Air_Mass":"AirMass - 10","AirVolume":"AirVolume - 5","Air_Volume":"AirVolume - 5","Fun":"Fun + rand (0, 3)","Comfort":"Comfort - 2"},"imguri":"","layers":"level2.png","isDummy":false,"latlng":{"lat":65.60000610351562,"lng":594.5483966356694}},{"id":92,"description":"Valve3","values":{"AirMass":"AirMass - 5","Air_Mass":"AirMass - 5","AirVolume":"AirVolume - 5","Air_Volume":"AirVolume - 5","Fun":"Fun + 1","Comfort":"Comfort - 1"},"imguri":"","layers":"level2.png","isDummy":false,"latlng":{"lat":66.80007934570312,"lng":671.5691607101373}},{"id":93,"description":"Valve1","values":{"AirMass":"AirMass - 5","Air_Mass":"AirMass - 5","AirVolume":"AirVolume - 10","Air_Volume":"AirVolume - 10","Fun":"Fun + rand (-2, 2)","Comfort":"Comfort + 2"},"imguri":"","layers":"level3.png","isDummy":false,"latlng":{"lat":64.60006713867188,"lng":518.9288903592487}},{"id":94,"description":"Valve2","values":{"AirMass":"AirMass - 10","Air_Mass":"AirMass - 10","AirVolume":"AirVolume - 5","Air_Volume":"AirVolume - 5","Fun":"Fun + rand (-3, 3)","Comfort":"Comfort + 2"},"imguri":"","layers":"level3.png","isDummy":false,"latlng":{"lat":61.199951171875,"lng":592.1480721341593}},{"id":95,"description":"Valve3","values":{"AirMass":"AirMass - 5","Air_Mass":"AirMass - 5","AirVolume":"AirVolume - 5","Air_Volume":"AirVolume - 5","Fun":"Fun + rand (-3, 3)","Comfort":"Comfort + rand (-3, 3)"},"imguri":"","layers":"level3.png","isDummy":false,"latlng":{"lat":64.80001831054688,"lng":669.5646772915957}},{"id":96,"description":"Gas 1","values":{"AirMass":"AirMass + 10","Air_Mass":"AirMass + 10","AirVolume":"AirVolume + 20","Air_Volume":"Its density is 0,5 kg/kL","Fun":"Fun + 3","Comfort":"Comfort - 2"},"imguri":"","layers":"level4.png","isDummy":false,"latlng":{"lat":69.2000732421875,"lng":53.82057131302247}},{"id":97,"description":"Gas 2","values":{"AirMass":"AirMass + 2.4","Air_Mass":"AirMass + 2.4","AirVolume":"AirVolume + 40","Air_Volume":"Its density is 0,06 kg/kL","Fun":"Fun + 5","Comfort":"Comfort + 1"},"imguri":"","layers":"level4.png","isDummy":false,"latlng":{"lat":65.80001831054688,"lng":122.838627029951}},{"id":98,"description":"Gas 3","values":{"AirMass":"AirMass + 5","Air_Mass":"AirMass + 5","AirVolume":"AirVolume + 3.3","Air_Volume":"Its density is 1,5 kg/kL","Fun":"Fun - 4","Comfort":"Comfort + 3"},"imguri":"","layers":"level4.png","isDummy":false,"latlng":{"lat":61.600067138671875,"lng":193.25526269807756}},{"id":99,"description":"Gas 4","values":{"AirMass":"AirMass + 10","Air_Mass":"AirMass + 10","AirVolume":"AirVolume + 5","Air_Volume":"Its density is 2 kg/kL","Fun":"Fun - 3","Comfort":"Comfort + 4"},"imguri":"","layers":"level4.png","isDummy":false,"latlng":{"lat":64.99996948242188,"lng":261.66464556874234}},{"id":100,"description":"Gas 5","values":{"AirMass":"AirMass + 10.5","Air_Mass":"AirMass + 10.5","AirVolume":"AirVolume + 35","Air_Volume":"Its density is 0,3 kg/kL","Fun":"Fun + 3","Comfort":"Comfort - 1"},"imguri":"","layers":"level4.png","isDummy":false,"latlng":{"lat":62.2000732421875,"lng":319.4815752276886}},{"id":101,"description":"Gas 6","values":{"AirMass":"AirMass + 7","Air_Mass":"AirMass + 7","AirVolume":"AirVolume + 10","Air_Volume":"Its density is 1,7 kg/kL","Fun":"Fun - 3","Comfort":"Comfort + 3"},"imguri":"","layers":"level4.png","isDummy":false,"latlng":{"lat":64.80001831054688,"lng":386.2967908470132}},{"id":102,"description":"Valve 1","values":{"AirMass":"AirMass - 5","Air_Mass":"AirMass - 5","AirVolume":"AirVolume - 10","Air_Volume":"AirVolume - 10","Fun":"Fun + 3","Comfort":"Comfort - 2"},"imguri":"","layers":"level4.png","isDummy":false,"latlng":{"lat":63.2000732421875,"lng":515.7305184248411}},{"id":103,"description":"Valve 2","values":{"AirMass":"AirMass - 10","Air_Mass":"AirMass - 10","AirVolume":"AirVolume - 5","Air_Volume":"AirVolume - 5","Fun":"Fun - 2","Comfort":"Comfort + 3"},"imguri":"","layers":"level4.png","isDummy":false,"latlng":{"lat":62.599945068359375,"lng":597.5420618793992}},{"id":104,"description":"Valve 3","values":{"AirMass":"AirMass - 10","Air_Mass":"AirMass - 10","AirVolume":"AirVolume - 10","Air_Volume":"AirVolume - 10","Fun":"Fun + rand (-5, 5)","Comfort":"Comfort + rand (-5, 5)"},"imguri":"","layers":"level4.png","isDummy":false,"latlng":{"lat":60.600067138671875,"lng":675.1670153815892}},{"id":105,"description":"Valve 1","values":{"AirMass":"AirMass - 15","Air_Mass":"AirMass - 15","AirVolume":"AirVolume - 20","Air_Volume":"AirVolume - 20","Fun":"Fun + 3","Comfort":"Comfort - 2"},"imguri":"","layers":"6level","isDummy":false,"latlng":{"lat":39.111116265190674,"lng":486.1110853249423}},{"id":106,"description":"Valve 2","values":{"AirMass":"AirMass - 20","Air_Mass":"AirMass - 20","AirVolume":"AirVolume - 15","Air_Volume":"AirVolume - 15","Fun":"Fun - 2","Comfort":"Comfort + 3"},"imguri":"","layers":"6level","isDummy":false,"latlng":{"lat":33.888856879342256,"lng":628.2222260073479}},{"id":107,"description":"Valve 3","values":{"AirMass":"AirMass - 15","Air_Mass":"AirMass - 15","AirVolume":"AirVolume - 15","Air_Volume":"AirVolume - 15","Fun":"Fun + rand (-6, 5)","Comfort":"Comfort + rand (-5, 6)"},"imguri":"","layers":"6level","isDummy":false,"latlng":{"lat":37.22223069932676,"lng":777.5555955359458}},{"id":108,"description":"Gas 1","values":{"AirMass":"AirMass + 7","Air_Mass":"Its density is 0,2 kg/kL","AirVolume":"AirVolume + 14","Air_Volume":" AirVolume + 20","Fun":"Fun + 2","Comfort":"Comfort - 3"},"imguri":"","layers":"5level","isDummy":false,"latlng":{"lat":57.222230088975266,"lng":67.55555756640358}},{"id":109,"description":"Gas 2","values":{"AirMass":"AirMass + 24","Air_Mass":"Its density is 1,5 kg/kL","AirVolume":"AirVolume + 16","Air_Volume":"  AirVolume + 16","Fun":"Fun + 3","Comfort":"Comfort - 1"},"imguri":"","layers":"5level","isDummy":false,"latlng":{"lat":49.55554348415876,"lng":130.00000070971106}},{"id":110,"description":"Gas 3","values":{"AirMass":"AirMass + 0.3","Air_Mass":"Its density is 0,03 kg/kL","AirVolume":"AirVolume + 10","Air_Volume":"AirVolume + 10","Fun":"Fun - 3","Comfort":"Comfort + 3"},"imguri":"","layers":"5level","isDummy":false,"latlng":{"lat":48.444459567598926,"lng":192.88888628661496}},{"id":111,"description":"Gas 4","values":{"AirMass":"AirMass + 28","Air_Mass":"Its density is 2 kg/kL","AirVolume":"AirVolume + 14","Air_Volume":"AirVolume + 14","Fun":"Fun - 1","Comfort":"Comfort + 4"},"imguri":"","layers":"5level","isDummy":false,"latlng":{"lat":46.77777235243093,"lng":249.00000070971106}},{"id":112,"description":"Gas 5","values":{"AirMass":"AirMass + 8.5","Air_Mass":"Its density is 1.7 kg/kL","AirVolume":"AirVolume + 5","Air_Volume":"AirVolume + 5","Fun":" Fun - 2","Comfort":"Comfort + 2"},"imguri":"","layers":"5level","isDummy":false,"latlng":{"lat":45.555543484158704,"lng":312.4444591118065}},{"id":113,"description":"Gas 6","values":{"AirMass":"AirMass + 0,6","Air_Mass":"Its density is 0,05 kg/kL","AirVolume":"AirVolume + 12","Air_Volume":"AirVolume + 12","Fun":" Fun + 1","Comfort":" Comfort - 4"},"imguri":"","layers":"5level","isDummy":false,"latlng":{"lat":46.88888678656696,"lng":367.2222309753254}},{"id":114,"description":"Valve 1","values":{"AirMass":" AirMass - 15","Air_Mass":"AirMass - 15","AirVolume":"AirVolume - 20","Air_Volume":"AirVolume - 20","Fun":" Fun + 3","Comfort":" Comfort - 2"},"imguri":"","layers":"5level","isDummy":false,"latlng":{"lat":45.22223008897521,"lng":495.5555430173267}},{"id":115,"description":"Valve 2","values":{"AirMass":" AirMass - 20","Air_Mass":" AirMass - 20","AirVolume":"AirVolume - 15","Air_Volume":"AirVolume - 15","Fun":" Fun - 2","Comfort":" Comfort + 3"},"imguri":"","layers":"5level","isDummy":false,"latlng":{"lat":41.88888678656696,"lng":629.222226007348}},{"id":116,"description":"Valve 3","values":{"AirMass":" AirMass - 15","Air_Mass":"AirMass - 15","AirVolume":" AirVolume - 15","Air_Volume":"AirVolume - 15","Fun":" Fun + rand (-4, 4)","Comfort":" Comfort + rand (-4, 4)"},"imguri":"","layers":"5level","isDummy":false,"latlng":{"lat":38.66665791829479,"lng":776.9999921931782}}]