<xml xmlns="http://www.w3.org/1999/xhtml"><block type="controls_if" id="MM77lWT;vmk=bddX|ba-" x="98" y="-5220"><value name="IF0"><block type="logic_compare" id="(xJn2SBv@PA+[Jq?mZ@V"><field name="OP">EQ</field><value name="A"><block type="movescounter" id="9`W28j[V^(M:|Q.3p,TW"></block></value><value name="B"><block type="math_number" id="]GOqS.0R0~^O-vsUBbh("><field name="NUM">6</field></block></value></block></value><statement name="DO0"><block type="popup" id="3%3~xWd41o!^=v1{!sZf"><field name="popuptext">Good job!👏 You need 5 more choices in order to get to level 2! Can you make it?</field></block></statement><next><block type="controls_if" id=",h5s5L8,,[c.lZ)o@[ze"><value name="IF0"><block type="logic_compare" id="u|_bNoXBVx~0!}1DP^1q"><field name="OP">EQ</field><value name="A"><block type="movescounter" id=":2P+r:7zKBz`4y!5)M)?"></block></value><value name="B"><block type="math_number" id="*6pWe}PE_AB?cPnvoFJ?"><field name="NUM">11</field></block></value></block></value><statement name="DO0"><block type="popup" id="pWU~yw?n0Xn_-q+*!fN?"><field name="popuptext">LEVEL 2. Well done!👏🤩 You got it, keep trying to get to Level 3!!</field></block></statement><next><block type="controls_if" id="fVnZLeO47.fdp*p{bC0["><value name="IF0"><block type="logic_compare" id="*x5zGtNmD#i|Xg)V;*s5"><field name="OP">EQ</field><value name="A"><block type="movescounter" id="#`sXhq#*yz)h*Ndma}~r"></block></value><value name="B"><block type="math_number" id="H#`=j}7.?oScS4wt)srL"><field name="NUM">16</field></block></value></block></value><statement name="DO0"><block type="popup" id="FN%b_lK:!E2H3qD5)RNg"><field name="popuptext">Good job!👏 You need 5 more choices in order to get to level 3! Can you make it?</field></block></statement><next><block type="controls_if" id="{?Y;.`kt5pRYuZ1io*bp"><value name="IF0"><block type="logic_compare" id=")po9{9~kY@4tcj~Ak6Uj"><field name="OP">EQ</field><value name="A"><block type="movescounter" id="**7d*%C`F;XV3K~j~y#r"></block></value><value name="B"><block type="math_number" id="cWdNHA21TMb90yS-K]37"><field name="NUM">21</field></block></value></block></value><statement name="DO0"><block type="popup" id="5*Pb@)za.JkK?l{|]C%:"><field name="popuptext">LEVEL 3. Well done!👏🤩 Can you make it for another 10 options? Level 4 is close...🤞</field></block></statement><next><block type="controls_if" id="SLpJ!ct6T,,uy=`,G`.~"><value name="IF0"><block type="logic_compare" id="rtlkR[Mrmos~5C#~aU!["><field name="OP">EQ</field><value name="A"><block type="movescounter" id=":C=ZgFK1lcO}yHFbzD4Q"></block></value><value name="B"><block type="math_number" id="w@%,]y2{pOjltnC5f,ze"><field name="NUM">26</field></block></value></block></value><statement name="DO0"><block type="popup" id="LK3}5/9z=fZ(GuLspKT#"><field name="popuptext">Good job!👏 You need 5 more choices in order to get to level 4! Can you make it?</field></block></statement><next><block type="controls_if" id="!,b3W!mVF*]o9]dA|Cfp"><value name="IF0"><block type="logic_compare" id="}6PMW77J[^n:oqI~swF^"><field name="OP">EQ</field><value name="A"><block type="movescounter" id="4,w`,OZsSG*3ALV`Eb|^"></block></value><value name="B"><block type="math_number" id="fu`8}NXZMBnDPK5nh~|O"><field name="NUM">31</field></block></value></block></value><statement name="DO0"><block type="popup" id="7UMXWFs7GL.sa5|C@CX1"><field name="popuptext">LEVEL 4. Wow!👏👏👏🤩 You are really good at it! Can you make it to the last level? You are really close!! (another 10 choices)😬</field></block></statement><next><block type="controls_if" id="8XNavB^!0hn;uU8j!hcg"><value name="IF0"><block type="logic_compare" id="^[ir=?Kg/@^%`@jJsX~L"><field name="OP">EQ</field><value name="A"><block type="movescounter" id="`EJ+A%*=CUG~w)5[?UYI"></block></value><value name="B"><block type="math_number" id="D-4fg8dcduie=df}?A:x"><field name="NUM">36</field></block></value></block></value><statement name="DO0"><block type="popup" id="KjCksH]xWZ4V:u{6]EHO"><field name="popuptext">Good job!👏 You need 5 more choices in order to get to level 5! Can you make it?</field></block></statement><next><block type="controls_if" id="aB}c1FZm?SMUGKk_#==L"><value name="IF0"><block type="logic_compare" id="TOXT9ImEVgA:8AFe)/q["><field name="OP">EQ</field><value name="A"><block type="movescounter" id="x)]^`HjC()Wo{Ik/yle;"></block></value><value name="B"><block type="math_number" id="JFbceS+SQ3Yw70r+%fro"><field name="NUM">41</field></block></value></block></value><statement name="DO0"><block type="popup" id=":DF]Y4-_7}(p9=:Ra*q9"><field name="popuptext">LEVEL 5. Wow!👏👏👏🤩 You are really good at it! Can you make it to the last level? You are really close!! (another 10 choices)😬</field></block></statement><next><block type="controls_if" id="YK^s6T1K6r}q_)lKeY}X"><value name="IF0"><block type="logic_compare" id="0dra,J3{QR3GQfMJ(GAJ"><field name="OP">EQ</field><value name="A"><block type="movescounter" id="#KChWCKki0mZ^dRZLwZb"></block></value><value name="B"><block type="math_number" id="JN8BI}MX#!MB{FY97o0="><field name="NUM">46</field></block></value></block></value><statement name="DO0"><block type="popup" id="Y6X1}+e/BWQ]fi4_T{yD"><field name="popuptext">Good job!👏 You need 5 more choices in order to get to the last level! You made it up to here, so you got it!!</field></block></statement><next><block type="controls_if" id="mtrH*=q4Jwo)qaXBp+c2"><value name="IF0"><block type="logic_compare" id="Ew,/Si9~;9N)F0g(gJ=G"><field name="OP">EQ</field><value name="A"><block type="movescounter" id="Z:}BLx2xO`Hl~U[lKr#-"></block></value><value name="B"><block type="math_number" id="@sv.f9(_ajOYk/;xkORg"><field name="NUM">51</field></block></value></block></value><statement name="DO0"><block type="popup" id="}8XQQ-]7S.j21Z+R@)L9"><field name="popuptext">LEVEL 6. Congratulations!!!🥳👏👏👏 You made it to the last level. Now be extra careful with these unknown gases. How many more moves can you make?🤩 Don't forget to take a photo of your highscore!!</field></block></statement><next><block type="controls_if" id="ulCc098yJbR]p#yR=g7l"><value name="IF0"><block type="logic_compare" id="0*iI2;#6ou~hVcdK|,@B"><field name="OP">EQ</field><value name="A"><block type="movescounter" id="X!Nq~0H,B%+S3wqBFY;f"></block></value><value name="B"><block type="math_number" id="Ju|r,H89ctXyp%RJ;NP1"><field name="NUM">56</field></block></value></block></value><statement name="DO0"><block type="popup" id="Y7-PuG5BT5n9_+q{-ue@"><field name="popuptext">Wow! Are you a genius or what? Don't forget to take a picture of your score!</field></block></statement></block></next></block></next></block></next></block></next></block></next></block></next></block></next></block></next></block></next></block></next></block><block type="controls_if" id="(9Xrj*nWFWLEkVNc67`G" x="794" y="-5142"><value name="IF0"><block type="logic_operation" id="6`kQZ)ZWo4yTd7_)P)N)"><field name="OP">AND</field><value name="A"><block type="logic_compare" id="#6y@_IE#9`LnlqRRlx~_"><field name="OP">GT</field><value name="A"><block type="movescounter" id="Ig@B*cwK0j~}qra?CEin"></block></value><value name="B"><block type="math_number" id="8mxK%SGKE^Y6c+mrYg_o"><field name="NUM">10</field></block></value></block></value><value name="B"><block type="logic_compare" id="7!#Jp]aw6~yp,b@}zW|m"><field name="OP">LTE</field><value name="A"><block type="movescounter" id="Erhll?]0iY:K%^dy+{jk"></block></value><value name="B"><block type="math_number" id="NSKHHe8fS,09k,1XEwRK"><field name="NUM">20</field></block></value></block></value></block></value><statement name="DO0"><block type="change_layer" id="2Gb(.Bk_(1cR?+T-X{y#"><field name="layersNames">level2.png</field></block></statement><next><block type="controls_if" id="6(_%+Hi3dW)Y(r=Z511K"><value name="IF0"><block type="logic_operation" id="*I|a!7vSXPqcRSSzSTL^"><field name="OP">AND</field><value name="A"><block type="logic_compare" id="Zeca:1rTuzt}%r[k4aBf"><field name="OP">GT</field><value name="A"><block type="movescounter" id="d9)RU+dWtw23=%nZ7w{7"></block></value><value name="B"><block type="math_number" id="w}s%VE],a65gh!sURP:n"><field name="NUM">20</field></block></value></block></value><value name="B"><block type="logic_compare" id="-~US+f*#xuGg61dF]4aa"><field name="OP">LTE</field><value name="A"><block type="movescounter" id="{VEQUJv.zn%AB+PQ1j}+"></block></value><value name="B"><block type="math_number" id="(!c#-CJGR[A0}Z^kLh!N"><field name="NUM">30</field></block></value></block></value></block></value><statement name="DO0"><block type="change_layer" id=";%(i_nv]CarL^akWs+oD"><field name="layersNames">level3.png</field></block></statement><next><block type="controls_if" id="d7~X9Xs{c9[)}ZHhuOE^"><value name="IF0"><block type="logic_operation" id="b`t1bM-Zn#le46CgqHta"><field name="OP">AND</field><value name="A"><block type="logic_compare" id="*bY#_YVR,+vkvPGq^O[7"><field name="OP">GT</field><value name="A"><block type="movescounter" id="9]m%7Q(ef7GSKUVQ8oYD"></block></value><value name="B"><block type="math_number" id="I_e##2#6h-UQ!Zf)VeI}"><field name="NUM">30</field></block></value></block></value><value name="B"><block type="logic_compare" id="tp{+5IhH=2aLV_Y@l*/q"><field name="OP">LTE</field><value name="A"><block type="movescounter" id="gJ%f,:H%-e^xU=oY~#?!"></block></value><value name="B"><block type="math_number" id="OF30+7[{Tp:X29PqBl-?"><field name="NUM">40</field></block></value></block></value></block></value><statement name="DO0"><block type="change_layer" id="D5%h%XF=~mAaaS4ZA{21"><field name="layersNames">level4.png</field></block></statement><next><block type="controls_if" id="uC1F,#T|D1u#vb`F1o5V"><value name="IF0"><block type="logic_operation" id="vQQ(j0!i6It;6m[XwV3;"><field name="OP">AND</field><value name="A"><block type="logic_compare" id="cUWom_(:TGq4@y!-=^tM"><field name="OP">GT</field><value name="A"><block type="movescounter" id="kMmW0p2vC{ww?_{6~nT/"></block></value><value name="B"><block type="math_number" id="H~-ep]GRn*J2YUyV`OI9"><field name="NUM">40</field></block></value></block></value><value name="B"><block type="logic_compare" id="d=6_Ijpg:%Gj/{bLt=rh"><field name="OP">LTE</field><value name="A"><block type="movescounter" id="m@1H!sH`BEMbtirHV)wh"></block></value><value name="B"><block type="math_number" id="Dz:eWKgB(8tJ2LzWeRN8"><field name="NUM">50</field></block></value></block></value></block></value><statement name="DO0"><block type="change_layer" id="84Bs*1FG#|HE,!Z#!/0u"><field name="layersNames">5level</field></block></statement><next><block type="controls_if" id="2JNvcB*5G(dJK{W@~8CA"><value name="IF0"><block type="logic_compare" id="f]UzUZ%MV`eid6y.0u;A"><field name="OP">GT</field><value name="A"><block type="movescounter" id="AOr4au|R_np|iO7{2P5!"></block></value><value name="B"><block type="math_number" id="6Z[mY%{z`(yP0{jl}!09"><field name="NUM">50</field></block></value></block></value><statement name="DO0"><block type="change_layer" id="wl2aZdb_]J]2%{v_}l%R"><field name="layersNames">6level</field></block></statement></block></next></block></next></block></next></block></next></block><block type="controls_if" id="LZ7p?TiRG:`GY2BmHQJG" x="1291" y="-4767"><value name="IF0"><block type="logic_operation" id="JSt*XgUo0DKRz[`!at.("><field name="OP">AND</field><value name="A"><block type="logic_compare" id="!)({E{}BqQoU;c1:)xIY"><field name="OP">GT</field><value name="A"><block type="movescounter" id="ke6!)3+r6NB|%{La-9_F"></block></value><value name="B"><block type="math_number" id="wW]I!|g5NF)gr]=N4wsm"><field name="NUM">1</field></block></value></block></value><value name="B"><block type="logic_operation" id="%vBw8=O}JUJGo7Kw_=;N"><field name="OP">OR</field><value name="A"><block type="logic_compare" id="@%g[=Vm0mm-xap{@0vyX"><field name="OP">LTE</field><value name="A"><block type="singleVar" id="6~N@`f=i0Mr!]SUoNN4M"><field name="varName">AirMass</field></block></value><value name="B"><block type="math_number" id="Uauhsj.gd@0O1v2Qm]ZX"><field name="NUM">7</field></block></value></block></value><value name="B"><block type="logic_compare" id="2j!ZXFoEXQ9.xVY{9C3e"><field name="OP">LTE</field><value name="A"><block type="singleVar" id="+O(?.2D8x3}?0bLz1v1`"><field name="varName">AirVolume</field></block></value><value name="B"><block type="math_number" id="Nvh.U#!`T[w8!rtcrWTT"><field name="NUM">7</field></block></value></block></value></block></value></block></value><statement name="DO0"><block type="popup" id="9#THvEDll-f,^Yz/osGQ"><field name="popuptext">❗Be careful!! The balloon is almost out of air! 😨 Air mass and volume must not reach 0 value!</field></block></statement><next><block type="controls_if" id=";q=70@7ux|u~@T}1Nn#Q"><value name="IF0"><block type="logic_compare" id="ze1xTMjxpYY2ui?f~^zA"><field name="OP">LTE</field><value name="A"><block type="singleVar" id="ylH.Q^xCdJYCFCXdgfeS"><field name="varName">Comfort</field></block></value><value name="B"><block type="math_number" id="^pfTMRAhFy4Jj45-Ffac"><field name="NUM">3</field></block></value></block></value><statement name="DO0"><block type="popup" id="+P=KT9(@ydg(hz7/zk}*"><field name="popuptext">❗Be careful!! People on the air balloon feel very uncomfortable.😖 You could reduce the balloon's height.</field></block></statement><next><block type="controls_if" id="JiOj*ZAznxJg)tOnyeZX"><value name="IF0"><block type="logic_compare" id="7s`!bS0D?H4j{,KqoWaQ"><field name="OP">LTE</field><value name="A"><block type="singleVar" id="GL*=I;ED#7CplenGokG`"><field name="varName">Fun</field></block></value><value name="B"><block type="math_number" id="mVd24p{k)/q=xWi{,%i_"><field name="NUM">3</field></block></value></block></value><statement name="DO0"><block type="popup" id="~***7]oAt58.@c(VE4{D"><field name="popuptext">❗Be careful!! People on the air balloon are bored!😪😒 You could increase its height.</field></block></statement><next><block type="controls_if" id="J/i+(HE;~:j*jKY`zYLn"><value name="IF0"><block type="logic_compare" id="8lR.mcY,|=pLj!%ME5(|"><field name="OP">GTE</field><value name="A"><block type="singleVar" id="@`EX4x|f#mq:j}{#uN%J"><field name="varName">AirVolume</field></block></value><value name="B"><block type="math_number" id="FlKw;Ez,4mV6*3^gP{SJ"><field name="NUM">40</field></block></value></block></value><statement name="DO0"><block type="popup" id="vQLG-Td{A[[]W.iGhdJM"><field name="popuptext">❗Be careful!! If the volume of the balloon exceeds 50 kL, it will burst!💥</field></block></statement><next><block type="controls_if" id="%;)Swz21fR[CSu%3/E+("><value name="IF0"><block type="logic_compare" id="K[KuWpa5}/d/[yc@h`RA"><field name="OP">GTE</field><value name="A"><block type="singleVar" id="PM{(s.7y7q7Cx~bpr!^h"><field name="varName">AirMass</field></block></value><value name="B"><block type="math_number" id="a_KgjS_osWO+%:g_kt3g"><field name="NUM">40</field></block></value></block></value><statement name="DO0"><block type="popup" id="Pk=Ng{JKWw;UgNLFD(RO"><field name="popuptext">❗Be careful!! If the mass of the balloon exceeds 50 kg, it will burst!💥</field></block></statement></block></next></block></next></block></next></block></next></block><block type="controls_if" id="vab6%`d/x9LS~l/({F%F" x="201" y="-4275"><value name="IF0"><block type="logic_operation" id="OZ}q^*^@EG5R^`Yx6^o0"><field name="OP">AND</field><value name="A"><block type="logic_compare" id="9=s%G0Gv*KxWa%qR6@jN"><field name="OP">GT</field><value name="A"><block type="math_arithmetic" id="OGAfcl6Fks7i[o1weMVd"><field name="OP">DIVIDE</field><value name="A"><shadow type="math_number" id="%8.,Eb;x_!pi@+HdSETd"><field name="NUM">1</field></shadow><block type="singleVar" id="kH[DCt~4e%x(XY{dCq*s"><field name="varName">AirMass</field></block></value><value name="B"><shadow type="math_number" id="[#_(-ivxr^KEmi!n=zd?"><field name="NUM">1</field></shadow><block type="singleVar" id="=!AP;F8@sv^a;0a+HQP`"><field name="varName">AirVolume</field></block></value></block></value><value name="B"><block type="math_number" id="d}|IrM=A%imApae!og/,"><field name="NUM">0.05</field></block></value></block></value><value name="B"><block type="logic_compare" id="_n-KiB]e=;D4Jc`9#FpM"><field name="OP">LTE</field><value name="A"><block type="math_arithmetic" id="8u9*N@K@cSF6:sLVh/@-"><field name="OP">DIVIDE</field><value name="A"><shadow type="math_number" id="%8.,Eb;x_!pi@+HdSETd"><field name="NUM">1</field></shadow><block type="singleVar" id="B7wDwdF.8SlpNjL#L[TQ"><field name="varName">AirMass</field></block></value><value name="B"><shadow type="math_number" id="[#_(-ivxr^KEmi!n=zd?"><field name="NUM">1</field></shadow><block type="singleVar" id="7N%jy?qZ#%VAl8FDvtei"><field name="varName">AirVolume</field></block></value></block></value><value name="B"><block type="math_number" id="P*XT)Mm+d7,mtfXlTDwx"><field name="NUM">0.2</field></block></value></block></value></block></value><statement name="DO0"><block type="background" id="2%vX`dS;AzLMRPuo?(B-"><field name="background">http://etl.ppp.uoa.gr/choico/media/images/balloon_position2.png</field><next><block type="popup" id="rY%2_s?%,u+sLNl]|]ay"><field name="popuptext">❗Be careful!! The density of the balloon is very low!😨 The ballon is very high!</field></block></next></block></statement><next><block type="controls_if" id="[Laxf:WlImEd`VxJ=e}J"><value name="IF0"><block type="logic_operation" id="p~Xa*_;Wm_B#g?.7B7/4"><field name="OP">AND</field><value name="A"><block type="logic_compare" id=")F2(d_^Nh2J4@)OT5R%Y"><field name="OP">GT</field><value name="A"><block type="math_arithmetic" id="%B}-npy]0Gzh`3tg!0]F"><field name="OP">DIVIDE</field><value name="A"><shadow type="math_number" id="%8.,Eb;x_!pi@+HdSETd"><field name="NUM">1</field></shadow><block type="singleVar" id="3f3N:Fodag0_-q;:Az9P"><field name="varName">AirMass</field></block></value><value name="B"><shadow type="math_number" id="[#_(-ivxr^KEmi!n=zd?"><field name="NUM">1</field></shadow><block type="singleVar" id="#~C)Ln:pOHDm(laZs`u!"><field name="varName">AirVolume</field></block></value></block></value><value name="B"><block type="math_number" id="L[Is+DNUm/Ji2xlNtQ.b"><field name="NUM">0.2</field></block></value></block></value><value name="B"><block type="logic_compare" id="pt|Uk;Z`-Ah^jw27wZeB"><field name="OP">LTE</field><value name="A"><block type="math_arithmetic" id="]1NU!}s):kyzlP#idRwv"><field name="OP">DIVIDE</field><value name="A"><shadow type="math_number" id="%8.,Eb;x_!pi@+HdSETd"><field name="NUM">1</field></shadow><block type="singleVar" id=".m`Xf2-BLrUh~UF2D~y4"><field name="varName">AirMass</field></block></value><value name="B"><shadow type="math_number" id="[#_(-ivxr^KEmi!n=zd?"><field name="NUM">1</field></shadow><block type="singleVar" id="NjUj-`p;#l5/W4^Z`])X"><field name="varName">AirVolume</field></block></value></block></value><value name="B"><block type="math_number" id="d1jAV0eU2U2E|b}-hO_0"><field name="NUM">0.7</field></block></value></block></value></block></value><statement name="DO0"><block type="background" id="Z9!Cq}QVw%HFnMk72y~("><field name="background">http://etl.ppp.uoa.gr/choico/media/images/balloon_position1.png</field></block></statement><next><block type="controls_if" id="TVLRX0ieCC1qPkoKZnB#"><value name="IF0"><block type="logic_operation" id="EizDLq)B?g}igvx-QjM]"><field name="OP">AND</field><value name="A"><block type="logic_compare" id="Fc;F7oSkP_rSnEd}O-oE"><field name="OP">GT</field><value name="A"><block type="movescounter" id="SV^dd2Jyv9qBu4}2t.e="></block></value><value name="B"><block type="math_number" id="O_xB9{p`p7dL7-=Xk1LE"><field name="NUM">0</field></block></value></block></value><value name="B"><block type="logic_operation" id="kz5f!tL4[oep4+vH*:Rw"><field name="OP">AND</field><value name="A"><block type="logic_compare" id="Vx8OOigZDtdmdD/?`Cm{"><field name="OP">GT</field><value name="A"><block type="math_arithmetic" id="![Vkz`rw=FH38:@^jL6c"><field name="OP">DIVIDE</field><value name="A"><shadow type="math_number" id="%8.,Eb;x_!pi@+HdSETd"><field name="NUM">1</field></shadow><block type="singleVar" id="9R[9aN|*BP4D+ydsP|CY"><field name="varName">AirMass</field></block></value><value name="B"><shadow type="math_number" id="[#_(-ivxr^KEmi!n=zd?"><field name="NUM">1</field></shadow><block type="singleVar" id="^a+jc-c{G.{-,X?JPZ*z"><field name="varName">AirVolume</field></block></value></block></value><value name="B"><block type="math_number" id="_[`s}f}jS^DH~/.r6cOK"><field name="NUM">0.7</field></block></value></block></value><value name="B"><block type="logic_compare" id="}[EL5wSq)8c@w!MC1?a-"><field name="OP">LTE</field><value name="A"><block type="math_arithmetic" id="ku)Svh8lEw}gsGdY)i%6"><field name="OP">DIVIDE</field><value name="A"><shadow type="math_number" id="%8.,Eb;x_!pi@+HdSETd"><field name="NUM">1</field></shadow><block type="singleVar" id="LvbI61q58UvIdLbfak1e"><field name="varName">AirMass</field></block></value><value name="B"><shadow type="math_number" id="[#_(-ivxr^KEmi!n=zd?"><field name="NUM">1</field></shadow><block type="singleVar" id="LL9*Nc+dnCkfiuLyIxdM"><field name="varName">AirVolume</field></block></value></block></value><value name="B"><block type="math_number" id="/.@%FCgIaCB%;woqXkBd"><field name="NUM">1.3</field></block></value></block></value></block></value></block></value><statement name="DO0"><block type="background" id="J}^=Sei.A;n:mN;?MH1A"><field name="background">http://etl.ppp.uoa.gr/choico/media/images/balloon_position0.png</field></block></statement><next><block type="controls_if" id="AMazLuSq=3R=b/,Q10[7"><value name="IF0"><block type="logic_operation" id="kW/9#^V8gXF#X6Df+VF|"><field name="OP">AND</field><value name="A"><block type="logic_compare" id="@i@Qf/):oy/6;1VY;W7]"><field name="OP">GT</field><value name="A"><block type="math_arithmetic" id="^iX%,^h/RFri,::ZeKla"><field name="OP">DIVIDE</field><value name="A"><shadow type="math_number" id="%8.,Eb;x_!pi@+HdSETd"><field name="NUM">1</field></shadow><block type="singleVar" id="%WJ9qkKd4vQ~`.4@p?lH"><field name="varName">AirMass</field></block></value><value name="B"><shadow type="math_number" id="[#_(-ivxr^KEmi!n=zd?"><field name="NUM">1</field></shadow><block type="singleVar" id="uhT#=9W~S7X*sIe,pA+C"><field name="varName">AirVolume</field></block></value></block></value><value name="B"><block type="math_number" id="bs|[%e)s?t:zV7]bkQQn"><field name="NUM">1.3</field></block></value></block></value><value name="B"><block type="logic_compare" id="whpo,(hA,VNa4ye[_uXx"><field name="OP">LTE</field><value name="A"><block type="math_arithmetic" id="c+uFD-W*0qie@DM`qn|0"><field name="OP">DIVIDE</field><value name="A"><shadow type="math_number" id="%8.,Eb;x_!pi@+HdSETd"><field name="NUM">1</field></shadow><block type="singleVar" id="Qhs@vS}d57ipbS9_pybW"><field name="varName">AirMass</field></block></value><value name="B"><shadow type="math_number" id="[#_(-ivxr^KEmi!n=zd?"><field name="NUM">1</field></shadow><block type="singleVar" id="+oGyz`hGU-+1gdxRm=(D"><field name="varName">AirVolume</field></block></value></block></value><value name="B"><block type="math_number" id="xC|y**GL2anPJ.ux3=s^"><field name="NUM">1.6</field></block></value></block></value></block></value><statement name="DO0"><block type="background" id="DxtYgtdm6Zwv_p#~U)=F"><field name="background">http://etl.ppp.uoa.gr/choico/media/images/balloon_position-1.png</field></block></statement><next><block type="controls_if" id="CV9xu:eGUffojw[-,*]!"><value name="IF0"><block type="logic_operation" id="77AR.].CEBtVj_]W9;V("><field name="OP">AND</field><value name="A"><block type="logic_compare" id="bgSRc,8%)f]-PRk3)U|c"><field name="OP">GT</field><value name="A"><block type="math_arithmetic" id="o#~QwQ[@OhO^X+#b]5qb"><field name="OP">DIVIDE</field><value name="A"><shadow type="math_number" id="%8.,Eb;x_!pi@+HdSETd"><field name="NUM">1</field></shadow><block type="singleVar" id="*Z!9:tGjNxY95LyDq4HA"><field name="varName">AirMass</field></block></value><value name="B"><shadow type="math_number" id="[#_(-ivxr^KEmi!n=zd?"><field name="NUM">1</field></shadow><block type="singleVar" id="foD~6wdXb3];R=SW@zEa"><field name="varName">AirVolume</field></block></value></block></value><value name="B"><block type="math_number" id="wzeH0tSB#yqg.yH85`M!"><field name="NUM">1.6</field></block></value></block></value><value name="B"><block type="logic_compare" id="?Th?4A5bov+lb)f8gL@w"><field name="OP">LT</field><value name="A"><block type="math_arithmetic" id="xYW@j3`bvZJ0BqwVt?#3"><field name="OP">DIVIDE</field><value name="A"><shadow type="math_number" id="%8.,Eb;x_!pi@+HdSETd"><field name="NUM">1</field></shadow><block type="singleVar" id="}]{|e[gqC=W:/+`G*J0W"><field name="varName">AirMass</field></block></value><value name="B"><shadow type="math_number" id="[#_(-ivxr^KEmi!n=zd?"><field name="NUM">1</field></shadow><block type="singleVar" id="4@IF#G#z_^3x_c)HNlvn"><field name="varName">AirVolume</field></block></value></block></value><value name="B"><block type="math_number" id="jrQ9K4fBfy?a5aaJ}Vf6"><field name="NUM">1.8</field></block></value></block></value></block></value><statement name="DO0"><block type="background" id="%)8yxRfGQ+3n@K5e`OBh"><field name="background">http://etl.ppp.uoa.gr/choico/media/images/balloon_position-2.png</field><next><block type="popup" id="{.^iRqt?Mg]2VEDg0:;2"><field name="popuptext">❗Be careful!! The density of the balloon is very high! The air balloon is too close to the sea!</field></block></next></block></statement></block></next></block></next></block></next></block></next></block></xml>