<xml xmlns="http://www.w3.org/1999/xhtml"><block type="initialvalues" id="7%pi|u/wU`(M`t7@0~7Z" x="887" y="365"><statement name="Initial Values"><block type="initialValue" id="BAhmU@Np7wpXA%rgi_[j"><field name="varName">AirMass</field><value name="varVal"><block type="math_number" id="LFg:p|018:_oI/3`ZMKs"><field name="NUM">10</field></block></value><next><block type="initialValue" id="e7Q6Iw9eov]K(,atb9`~"><field name="varName">AirVolume</field><value name="varVal"><block type="math_number" id="c`y@.3tK!KJ=wSUq%H[C"><field name="NUM">10</field></block></value><next><block type="initialValue" id="vgbSk@5#rP0=_N{z5={n"><field name="varName">Fun</field><value name="varVal"><block type="math_number" id="var2"><field name="NUM">5</field></block></value><next><block type="initialValue" id="6xydYM9tLPR;!wXbKBvT"><field name="varName">Comfort</field><value name="varVal"><block type="math_number" id="!s!h`V?6h!nwN=l)qe:]"><field name="NUM">5</field></block></value></block></next></block></next></block></next></block></statement></block></xml>