[{"name":"Επιλογή","type":"string","visibility":"visible"},{"name":"Πληροφορίες","type":"text","step":".1"},{"name":"Καθώς","type":"text","visibility":"visible"},{"name":"Εξαιτίας","type":"text","visibility":"visible"},{"name":"Επομένως","type":"text","step":".1"},{"name":"Αν_και","type":"text","step":".1"},{"name":"IMAGE","type":"file","step":".1"},{"name":"Έγκριση_Μαθητών","type":"number","step":".1","visibility":"hidden"},{"name":"Έγκριση_Καθηγητών","type":"number","step":".1","visibility":"hidden"},{"name":"Έγκριση_Υπουργείου","type":"number","step":".1","visibility":"hidden"}]