<xml xmlns="http://www.w3.org/1999/xhtml"><block type="controls_if" id="oUgd{3K~U[F@#aF]}ygA" x="238" y="60"><value name="IF0"><block type="logic_compare" id="~a@gT-aydG21O-1G.sjK"><field name="OP">LT</field><value name="A"><block type="singleVar" id="RTuC:_mI#d@k69q|ly)+"><field name="varName">Έγκριση_Μαθητών</field></block></value><value name="B"><block type="math_number" id="qIM#58w_X12vI;dXPueD"><field name="NUM">80</field></block></value></block></value><statement name="DO0"><block type="background" id="+Ex3rgq(:T1q]1`7O=S7"><field name="background">https://4.bp.blogspot.com/-UD19rR1BQbA/V1uorVgWdKI/AAAAAAAADbg/9M01D8Zjlj8NLaxlnwnsB9laniWstvNWQCLcB/s1600/notapproved.png</field><next><block type="hide_all" id="~i.{Utv#vlG4}S,yP/1,"><next><block type="sound" id="}rpqXEMkk{9h_G3uLC%;"><field name="NAME">fail</field><next><block type="popup" id="[XMzb=tiZEwjnqR(]mUV"><field name="popuptext">Εκδρομή χωρίς το 80% των μαθητών γίνεται; </field><next><block type="gameover" id="MLR/6i}9oB6st5-+BGN}"></block></next></block></next></block></next></block></next></block></statement><next><block type="controls_if" id="xrdRVZVT`cEg{CTaR,eW"><value name="IF0"><block type="logic_compare" id="_.@pkM5D|^TV-++p6,si"><field name="OP">LT</field><value name="A"><block type="singleVar" id="1W9/yg_r4Cj}nw5/9*H)"><field name="varName">Έγκριση_Καθηγητών</field></block></value><value name="B"><block type="math_number" id="DSV~MW:@1dZT=l;h?OFj"><field name="NUM">80</field></block></value></block></value><statement name="DO0"><block type="background" id="-~4WfLr5Gp(Vd_wJEu[y"><field name="background">https://4.bp.blogspot.com/-UD19rR1BQbA/V1uorVgWdKI/AAAAAAAADbg/9M01D8Zjlj8NLaxlnwnsB9laniWstvNWQCLcB/s1600/notapproved.png</field><next><block type="hide_all" id="TgfUZU+hhb=oIv*N9MmX"><next><block type="sound" id="2)x6uIpa2[4S@C{^74JV"><field name="NAME">fail</field><next><block type="popup" id="0k0^h^(+og={DWo@V^Mb"><field name="popuptext">Μα καλά πώς θα πάτε εκδρομή  χωρίς συνοδούς καθηγητές; Χρειαζόμαστε τουλάχιστον το 80%.</field><next><block type="gameover" id="I?gB7Ge+Z(9uuD//G6u#"></block></next></block></next></block></next></block></next></block></statement><next><block type="controls_if" id="A#]E_9Z:q84lKkAzCb_,"><value name="IF0"><block type="logic_compare" id="y2z;`J[a%Gp:sZ16Z,vc"><field name="OP">LT</field><value name="A"><block type="singleVar" id="^=~Sa{ic[EE*_uQ7n|IR"><field name="varName">Έγκριση_Υπουργείου</field></block></value><value name="B"><block type="math_number" id="*+.A`}Jr%twV~Qa+MOoD"><field name="NUM">80</field></block></value></block></value><statement name="DO0"><block type="background" id="t9CZd,#-mjQm;t(g@x;h"><field name="background">https://4.bp.blogspot.com/-UD19rR1BQbA/V1uorVgWdKI/AAAAAAAADbg/9M01D8Zjlj8NLaxlnwnsB9laniWstvNWQCLcB/s1600/notapproved.png</field><next><block type="hide_all" id="faYlehQ(}qN3OzM710p]"><next><block type="sound" id="aa,PGj8sR*8|G9Lqa/IN"><field name="NAME">fail</field><next><block type="popup" id=".kW{NIx_#-,8:1@[cK=!"><field name="popuptext">Εκδρομή  χωρίς υπουργική έγκριση;;;! Δε νομίζω!</field><next><block type="gameover" id=")QW*_]xTC*1WZrYqpw7w"></block></next></block></next></block></next></block></next></block></statement></block></next></block></next></block></xml>