<xml xmlns="http://www.w3.org/1999/xhtml"><block type="initialvalues" id="7%pi|u/wU`(M`t7@0~7Z" x="125" y="56"><statement name="Initial Values"><block type="initialValue" id="m`QleYd+*I%7z~6QjFw8"><field name="varName">Έγκριση_Μαθητών</field><value name="varVal"><block type="math_number" id="var2"><field name="NUM">100</field></block></value><next><block type="initialValue" id=";cC^*aDf9@!u@P5WyM!p"><field name="varName">Έγκριση_Καθηγητών</field><value name="varVal"><block type="math_number" id="1Xie7,6=hXaC2pLnT_,Z"><field name="NUM">100</field></block></value><next><block type="initialValue" id="{_uvi#|NAi.F:9!kd!6%"><field name="varName">Έγκριση_Υπουργείου</field><value name="varVal"><block type="math_number" id="|tmyBSN9R]T@@*g@HuYz"><field name="NUM">100</field></block></value></block></next></block></next></block></statement></block></xml>