<xml xmlns="http://www.w3.org/1999/xhtml"><block type="controls_if" id="oUgd{3K~U[F@#aF]}ygA" x="284" y="-51"><mutation elseif="1"></mutation><value name="IF0"><block type="current_point_check" id="[}e8WtEc26-jm8Afl^+G"><field name="pointsNames">Μπούρτζι</field></block></value><statement name="DO0"><block type="hide_point" id="l}mP@NKJJ?5EaN5[6q`y"><field name="pointsNames">Μπούρτζι</field><next><block type="popup" id="W62Q?L|6vQSkYNnkv^-)"><field name="popuptext">Χμμμ από ότι φάνηκε το Μπούρτζι δεν φαίνεται να ικανοποίησε τους καθηγητές. Βάλε τα δυνατά σου στην επόμενη επιλογή.</field></block></next></block></statement><value name="IF1"><block type="current_point_check" id="rm*]TQz=NG}~.4knPL0!"><field name="pointsNames">Παλαμήδι</field></block></value><statement name="DO1"><block type="hide_point" id="b8n7R=5-,`y#6Y3Fz+9l"><field name="pointsNames">Παλαμήδι</field><next><block type="popup" id="2S@}W}3dg!UHy*ERNt8:"><field name="popuptext">Τα 999 σκαλιά μάλλον φαίνονται κουραστικά στους μαθητές. Μήπως έπρεπε να τους αναφέρεις ότι υπάρχει τρόπος να φτάσουν εκεί χρησιμοποιώντας λεωφορείο; Κρίμα να μην δουν τη φυλακή του Κολοκοτρώνη.</field></block></next></block></statement><next><block type="controls_if" id="F*6[VmsfR]WT%0V#D4-I"><mutation elseif="1"></mutation><value name="IF0"><block type="current_point_check" id="sr[.,(*JCMPuT_0L7#=."><field name="pointsNames">Αρβανιτιά</field></block></value><statement name="DO0"><block type="hide_point" id="E^-mfDx[{/J.T}SEiq^W"><field name="pointsNames">Αρβανιτιά</field><next><block type="popup" id=".P=+`3HcHNj)v,*psH!U"><field name="popuptext">ΟΚ, στους νέους βράζει το αίμα. Γι' αυτό και θέλουν βολτούλα και ενδεχόμενο μπανάκι στη θάλασσα. Αλλά ήταν δυνατόν να αρέσει κάτι τέτοιο στους συνοδούς καθηγητές; Ποιός θα σας κυνηγάει στα βράχια όταν δεν ακούτε;</field></block></next></block></statement><value name="IF1"><block type="current_point_check" id="x|arUWpC{Or[uoz@!9Zn"><field name="pointsNames">Βουλευτικό</field></block></value><statement name="DO1"><block type="hide_point" id="NbNE.2O.6RcInrZmQOSu"><field name="pointsNames">Βουλευτικό</field><next><block type="popup" id="wI[+MvgD:6u6sF,18Z;["><field name="popuptext">Μήπως η επόμενη επιλογή σου να μην είναι τόσο μουσειακή; Βουλευτήριο και μαθητική διάθεση φάνηκε να μην ταιριάζουν τόσο!</field></block></next></block></statement><next><block type="controls_if" id=")EB*]rQod@Y%P1z%?Wq|"><mutation elseif="1"></mutation><value name="IF0"><block type="current_point_check" id="uPX+vFNJM~]#raw2GF(x"><field name="pointsNames">Πλατεία_Συντάγματος</field></block></value><statement name="DO0"><block type="hide_point" id="^_42USBt-ytzFE!xFfT("><field name="pointsNames">Πλατεία_Συντάγματος</field><next><block type="popup" id="t6BPW8Tr?sH3Mh,^#kU~"><field name="popuptext">Εσύ μπορεί να τρελαίνεσαι γιατί σκέφτεσαι : 'τι ωραία! ελεύθερος χρόνος για άραγμα στην καφετέρια' αλλά από ο,τι φάνηκε οι καθηγητές προτιμούν να κάνετε κάτι πιο ποιοτικό.</field></block></next></block></statement><value name="IF1"><block type="current_point_check" id="q}icID6+dH/.ar_W-5gW"><field name="pointsNames">Πάρκο_Κολοκοτρώνη</field></block></value><statement name="DO1"><block type="hide_point" id="64c9/e1YI0TD^~xBeH7F"><field name="pointsNames">Πάρκο_Κολοκοτρώνη</field><next><block type="popup" id="TXZBN#a/?by%Pc{z3-C}"><field name="popuptext">Εσύ το επέλεξες σκεπτόμενος ότι θα αράζεις με τους συμμαθητές σου κάτω από τα δέντρα και κάπου στο βάθος θα βλέπετε το άγαλμα του Κολοκτρώνη. Σωστά; Έλα όμως που οι καθηγητές έμειναν στα σκουπίδια και τα επικίνδυνα σημεία του πάρκου! Λογικό λοιπόν να δυσαρεστηθούν πολύ με αυτή την επιλογή σου. </field></block></next></block></statement><next><block type="controls_if" id="?!,M_5/eU^rYId9YD/3{"><mutation elseif="1"></mutation><value name="IF0"><block type="current_point_check" id="h2BFbAbmpqqp1VzA!*Xj"><field name="pointsNames">Αρχαιολογικό_Μουσείο_Ναυπλίου</field></block></value><statement name="DO0"><block type="hide_point" id="STf9odyTe%Xol~}K%.;x"><field name="pointsNames">Αρχαιολογικό_Μουσείο_Ναυπλίου</field><next><block type="popup" id="lJR0S~hX`yCCJW.-+M{["><field name="popuptext">Να κάτι που λατρεύει το Υπουργείο, εκτιμούν οι Καθηγητές και δυσφορούν οι μαθητές. Φρόντισε τώρα να τους ανταμείψεις.</field></block></next></block></statement><value name="IF1"><block type="current_point_check" id="zx=Tp8V.Um}s:uOSj+JA"><field name="pointsNames">Εκκλησία_Αγίου_Γεωργίου</field></block></value><statement name="DO1"><block type="hide_point" id="ZR[eKXeT|X2,ZOlpt+tQ"><field name="pointsNames">Εκκλησία_Αγίου_Γεωργίου</field><next><block type="popup" id="i/?`L}V)Ek/x9MW9u;U*"><field name="popuptext">Ανέκαθεν οι εκκλησίες και τα μουσεία δεν ήταν το φόρτε των εφήβων. Βέβαια με αυτή σου την επιλογή ευχαρίστησες πολύ το υπουργείο και τους καθηγητές. Χωρίς μαθητές όμως πώς θα πάμε εκδρομή;</field></block></next></block></statement><next><block type="controls_if" id="RsPwY[-nc,+8EAYUULx|"><mutation elseif="1"></mutation><value name="IF0"><block type="current_point_check" id="XsCUzZuhN1;UQRl@X#d-"><field name="pointsNames">Πολεμικό_Μουσείο</field></block></value><statement name="DO0"><block type="hide_point" id="%^lKKVi4rJ^ko,A51|Bm"><field name="pointsNames">Πολεμικό_Μουσείο</field><next><block type="popup" id="ctKXaL.fyz^rwn:fgzID"><field name="popuptext">Πολεμικό μουσείο! Σίγουρα πιο ενδιαφέρουσα επιλογή από το αρχαιολογικό αλλά μεταξύ μας τώρα ποιος μαθητής πάει εκδρομή για τα μουσεία;</field></block></next></block></statement><value name="IF1"><block type="current_point_check" id="bZ`26}MVWCgqiF.K^fM|"><field name="pointsNames">Εθνική_Πινακοθήκη</field></block></value><statement name="DO1"><block type="hide_point" id="V0RhEqlh@QTT!!93Y@h3"><field name="pointsNames">Εθνική_Πινακοθήκη</field><next><block type="popup" id="R%-pcDd@{~/K.6|sIn30"><field name="popuptext">Εδώ δεν έχουμε πάει στην Αθήνα. Θα πάμε στο παράρτημα του Ναυπλίου; Λάβε υπόψη σου στην επόμενη επιλογή τι θέλουν και οι μαθητές αν πράγματι θες να γίνει η εκδρομή!</field></block></next></block></statement><next><block type="controls_if" id="vbocrXp]G@|1dRez*IK,"><mutation elseif="1"></mutation><value name="IF0"><block type="current_point_check" id="u+q#.@/EyPSnWB5r#;e}"><field name="pointsNames">Antica_Gelateria_di_Roma</field></block></value><statement name="DO0"><block type="popup" id="W:lTU}]%,Bctt,MUhl2:"><field name="popuptext">Ένα ιταλικό gelato είναι ο,τι πρέπει σε μια κουραστική μέρα...  Αν και δε φαίνεται να έχουν την ίδια άποψη οι καθηγητές!</field></block></statement><value name="IF1"><block type="current_point_check" id="udAWK:y}JP+83{uAnEn6"><field name="pointsNames">Παραδοσιακή_Ταβέρνα</field></block></value><statement name="DO1"><block type="popup" id="vikG5;m5oi46._qH,fsc"><field name="popuptext">Μπογάνα; Γκιόσα; Γκόγκες; Χριστέ μου! Τι είναι αυτά; </field></block></statement><next><block type="controls_if" id="/~/qDhEguVLYEAm48an/"><mutation elseif="1"></mutation><value name="IF0"><block type="current_point_check" id="_vVG=`k_;yALyERf/+.-"><field name="pointsNames">Σουβλατζίδικο</field></block></value><statement name="DO0"><block type="popup" id="Bk%H-WD,34[T5Eh/xAut"><field name="popuptext">Είναι δυνατόν να μην αρέσει στους καθηγητές και το υπουργείο το σουβλάκι; Και όμως είναι δυνατόν !</field></block></statement><value name="IF1"><block type="current_point_check" id="B7;/1.bWj,55cu:uHmL}"><field name="pointsNames">Goody's</field></block></value><statement name="DO1"><block type="popup" id="`^0~PIn=XD[./_xtS794"><field name="popuptext">Goody's burgers  και ας λένε οι μεγάλοι ο,τι θέλουν! Εκτός αν ο λόγος που δε τους άρεσε είναι ότι προτιμούν τα Mac. Μόνο έτσι βγάζει νόημα! Βέβαια αν ρωτήσουμε τους ίδιους θα σου απαντήσουν πως το πρόβλημα είναι τα trans λιπαρά και η έλλειψη θρεπτικής αξίας σε αυτές τις διατροφικές επιλογές</field></block></statement><next><block type="controls_if" id="-O++E,0AyZS,XPU-5jxD"><mutation elseif="1"></mutation><value name="IF0"><block type="current_point_check" id="Lyb*W*KsNNxu@X1N8}ke"><field name="pointsNames">Xenon_Cafe</field></block></value><statement name="DO0"><block type="popup" id="mkZ8O*D,GD*aR}):gO%Z"><field name="popuptext">Ζήλεψες μάλλον το λουκουμαδάκι αν και οι μεγαλύτεροι φαίνεται να εστίασαν στην ποιότητα της εξυπηρέτησης σε ώρες αιχμής.</field></block></statement><value name="IF1"><block type="current_point_check" id="E7;G|I(~qC=f~PyKb=]E"><field name="pointsNames">Club</field></block></value><statement name="DO1"><block type="popup" id="F#uH-F9~Gj4_V!,#)!2}"><field name="popuptext">Ωραία η διασκέδαση και η εκτόνωση αλλά όχι όταν συνοδεύεται από τσιγάρο και άκρατη κατανάλωση αλκοόλ.</field></block></statement></block></next></block></next></block></next></block></next></block></next></block></next></block></next></block></xml>