[{"id":32,"description":"WATER","values":{"Money":{"type":"plus","num":"-4"},"Cost":"Four Euros","Total_Pieces":"6","Pieces":"Six Pieces","Health":"2","Joy":"-2"},"imguri":"","layers":"Main","isDummy":false,"latlng":{"lat":297.37313842997037,"lng":851.8805419755527}},{"id":35,"description":"EGGS","values":{"Money":{"type":"plus","num":"-4"},"Cost":"Half the price of juice ","Total_Pieces":"4","Pieces":"Four Pieces","Health":"2","Joy":"-1"},"imguri":"","layers":"Main","isDummy":false,"latlng":{"lat":279.5445069381019,"lng":578.8084106419778}},{"id":38,"description":"SODA","values":{"Money":{"type":"plus","num":"-5"},"Cost":"Five Euros","Total_Pieces":"10","Pieces":"Ten Pieces","Health":"-5","Joy":"5"},"imguri":"","layers":"Main","isDummy":false,"latlng":{"lat":185.5467673705883,"lng":742.3444152408265}},{"id":41,"description":"CHEESE","values":{"Money":{"type":"plus","num":"-12"},"Cost":"Twelve Euros","Total_Pieces":"2","Pieces":"One third of chips","Health":"2","Joy":"-1"},"imguri":"","layers":"Main","isDummy":false,"latlng":{"lat":293.1848853331063,"lng":662.7147644003728}},{"id":44,"description":"BISQUITS","values":{"Money":{"type":"plus","num":"-2"},"Cost":"Two Euros","Total_Pieces":"3","Pieces":"Three Pieces","Health":"-4","Joy":"5"},"imguri":"","layers":"Main","isDummy":false,"latlng":{"lat":89.68085538913138,"lng":454.8888941617969}},{"id":47,"description":"LEMONS","values":{"Money":{"type":"plus","num":"-4"},"Cost":"Two times the price of apples","Total_Pieces":"2","Pieces":"Two Pieces","Health":"3","Joy":"-4"},"imguri":"","layers":"Main","isDummy":false,"latlng":{"lat":74.00112258791927,"lng":830.2508300671602}},{"id":50,"description":"JUICE","values":{"Money":{"type":"plus","num":"-8"},"Cost":"Eight Euro","Total_Pieces":"4","Pieces":"Four Pieces","Health":"4","Joy":"-3"},"imguri":"","layers":"Main","isDummy":false,"latlng":{"lat":199.53778666723423,"lng":663.1786987335856}},{"id":53,"description":"MILK","values":{"Money":{"type":"plus","num":"-6"},"Cost":"Half the price of cheese","Total_Pieces":"3","Pieces":"Three Pieces","Health":"2","Joy":"-1"},"imguri":"","layers":"Main","isDummy":false,"latlng":{"lat":313.8202391049112,"lng":544.439743106794}},{"id":56,"description":"CHIPS","values":{"Money":{"type":"plus","num":"-4"},"Cost":"Four Euros","Total_Pieces":"6","Pieces":"Two times more than milk","Health":"-3","Joy":"3"},"imguri":"","layers":"Main","isDummy":false,"latlng":{"lat":106.99438706040371,"lng":568.3702880916076}},{"id":59,"description":"BREAD","values":{"Money":{"type":"plus","num":"-6"},"Cost":"Three times the price of potatoes","Total_Pieces":"6","Pieces":"Six Pieces","Health":"3","Joy":"-2"},"imguri":"","layers":"Main","isDummy":false,"latlng":{"lat":218.63471968546443,"lng":408.5446594164117}},{"id":62,"description":"CAKE","values":{"Money":{"type":"plus","num":"-4"},"Cost":"Four Euros","Total_Pieces":"8","Pieces":"Eight times more than steaks","Health":"-5","Joy":"5"},"imguri":"","layers":"Main","isDummy":false,"latlng":{"lat":101.72267200034054,"lng":248.20015257367697}},{"id":65,"description":"BROKOLI","values":{"Money":{"type":"plus","num":"-7"},"Cost":"Seven Euros","Total_Pieces":"2","Pieces":"Two Pieces","Health":"2","Joy":"-2"},"imguri":"","layers":"Main","isDummy":false,"latlng":{"lat":329.908695178014,"lng":267.2001678406617}},{"id":68,"description":"BANANAS","values":{"Money":{"type":"plus","num":"-8"},"Cost":"Four times the price of potatoes","Total_Pieces":"2","Pieces":"Two Pieces","Health":"2","Joy":"-2"},"imguri":"","layers":"Main","isDummy":false,"latlng":{"lat":189.90194439385056,"lng":884.621118158768}},{"id":71,"description":"APPLES","values":{"Money":{"type":"plus","num":"-2"},"Cost":"Two Euros","Total_Pieces":"4","Pieces":"Four times more than apples","Health":"5","Joy":"-3"},"imguri":"","layers":"Main","isDummy":false,"latlng":{"lat":213.72042682450203,"lng":821.2637817595357}},{"id":74,"description":"STEAKS","values":{"Money":{"type":"plus","num":"-9"},"Cost":"Nine Euros","Total_Pieces":"1","Pieces":"One Piece","Health":"-2","Joy":"4"},"imguri":"","layers":"Main","isDummy":false,"latlng":{"lat":324.4554778052502,"lng":382.27664185000276}},{"id":77,"description":"BACON","values":{"Money":{"type":"plus","num":"-5"},"Cost":"Five Euros","Total_Pieces":"2","Pieces":"Two Pieces","Health":"-3","Joy":"2"},"imguri":"","layers":"Main","isDummy":false,"latlng":{"lat":289,"lng":445.3659912167956}},{"id":80,"description":"YOGURT","values":{"Money":{"type":"plus","num":"-7"},"Cost":"Seven Euros","Total_Pieces":"3","Pieces":"Three Pieces","Health":"2","Joy":"-1"},"imguri":"","layers":"Main","isDummy":false,"latlng":{"lat":302.8151146668937,"lng":745.8891967931158}},{"id":83,"description":"DONUTS","values":{"Money":{"type":"plus","num":"-10"},"Cost":"Five Euros","Total_Pieces":"5","Pieces":"Fivr Pieces","Health":"-5","Joy":"5"},"imguri":"","layers":"Main","isDummy":false,"latlng":{"lat":110.17814980559075,"lng":127.67268829000636}},{"id":86,"description":"POTATOES","values":{"Money":{"type":"plus","num":"-2"},"Cost":"Two Euros","Total_Pieces":"3","Pieces":"Three times more than steaks","Health":"3","Joy":"-2"},"imguri":"","layers":"Main","isDummy":false,"latlng":{"lat":73.81960501857074,"lng":633.1443237350882}},{"id":89,"description":"LETTUCE","values":{"Money":{"type":"plus","num":"-3"},"Cost":"Three Euros","Total_Pieces":"4","Pieces":"Two times more than bananas","Health":"4","Joy":"-3"},"imguri":"","layers":"Main","isDummy":false,"latlng":{"lat":69.63359709754516,"lng":731.3531616602977}},{"id":92,"description":"MAYO","values":{"Money":{"type":"plus","num":"-4"},"Cost":"Two times the price of apples","Total_Pieces":"2","Pieces":"Two Pieces","Health":"-1","Joy":"1"},"imguri":"","layers":"Main","isDummy":false,"latlng":{"lat":333.8150994102458,"lng":117.11942749047796}},{"id":95,"description":"HONEY","values":{"Money":{"type":"plus","num":"-9"},"Cost":"Three times the price of lettuce","Total_Pieces":"1","Pieces":"One Piece","Health":"2","Joy":"-1"},"imguri":"","layers":"Main","isDummy":false,"latlng":{"lat":216.63247450962592,"lng":313.55755004084824}},{"id":98,"description":"TIN FISH","values":{"Money":{"type":"plus","num":"-7"},"Cost":"Seven Euros","Total_Pieces":"4","Pieces":"Four Pieces","Health":"-5","Joy":"1"},"imguri":"","layers":"Main","isDummy":false,"latlng":{"lat":212.541154430992,"lng":543.89779054274}},{"id":101,"description":"JAM","values":{"Money":{"type":"plus","num":"-5"},"Cost":"Five Euros","Total_Pieces":"2","Pieces":"Two times more than honey","Health":"1","Joy":"-1"},"imguri":"","layers":"Main","isDummy":false,"latlng":{"lat":200.54009286966433,"lng":233.20018310764647}},{"id":104,"description":"CHOCOLATE","values":{"Money":{"type":"plus","num":"-6"},"Cost":"Seven Euros","Total_Pieces":"7","Pieces":"Seven times more than honey","Health":"-5","Joy":"4"},"imguri":"","layers":"Main","isDummy":false,"latlng":{"lat":114.99214188456519,"lng":370.1022399912292}},{"id":107,"description":"**SALARY**","values":{"Money":{"type":"rand","from":"15","to":"25"},"Cost":"0","Total_Pieces":"0","Pieces":"0","Health":"0","Joy":"0"},"imguri":"","layers":"Main","isDummy":false,"latlng":{"lat":385.27845058757873,"lng":474.64260253282885}}]