<xml xmlns="http://www.w3.org/1999/xhtml"><block type="controls_if" id="Dk~4f2FD(4dd!drw==5P" x="155" y="21"><value name="IF0"><block type="logic_operation" id="9(]zI[UcbpDghv0hP[pK"><field name="OP">AND</field><value name="A"><block type="logic_compare" id="7^oC`~8Mb}dY.}(Y0qIO"><field name="OP">LT</field><value name="A"><block type="singleVar" id=";k@Jy@{%?krY-Fji~a]O"><field name="varName">Money</field></block></value><value name="B"><block type="math_number" id="C1|k|B?9WMA-0m@/(kK*"><field name="NUM">50</field></block></value></block></value><value name="B"><block type="logic_compare" id="O|2H,M[fzP}]em~`JE*R"><field name="OP">GT</field><value name="A"><block type="singleVar" id="WxFI87Yi;!qY|f5`i0.A"><field name="varName">Money</field></block></value><value name="B"><block type="math_number" id="(/hN|oWO],B4j3Sg9vm:"><field name="NUM">40</field></block></value></block></value></block></value><statement name="DO0"><block type="popup" id="IWDgGDy1-84Ip1MdhV/;"><field name="popuptext">You have spent more than half of your money</field></block></statement><next><block type="controls_if" id="K^uwKX;?s;8p!3UUCxv{"><value name="IF0"><block type="logic_operation" id="J!u1MF=ix2Z(2w4F[C`J"><field name="OP">AND</field><value name="A"><block type="logic_compare" id="GG^CFGU~rbmyr6.7J%GZ"><field name="OP">LT</field><value name="A"><block type="singleVar" id="!D(El#L:?[dcJGmd,G4t"><field name="varName">Money</field></block></value><value name="B"><block type="math_number" id="Vr)_+Z^mlErv*FwkhcnB"><field name="NUM">10</field></block></value></block></value><value name="B"><block type="logic_compare" id=".ZBK3Zf14n`Vh/1DS1qg"><field name="OP">GTE</field><value name="A"><block type="singleVar" id="D:_gV2eRlk{/te2nquJ#"><field name="varName">Money</field></block></value><value name="B"><block type="math_number" id="Nun3y2NE20dp0eQ(DRFI"><field name="NUM">1</field></block></value></block></value></block></value><statement name="DO0"><block type="popup" id="J(R1Hd:/Z#AO%hoR:snr"><field name="popuptext">You have less than 10 euros left. Make the most of it!</field></block></statement><next><block type="controls_if" id="JBb2|6EfhAKR[OsxZ3uZ"><value name="IF0"><block type="logic_operation" id="{hCu),BwlcxlU8Xdly/F"><field name="OP">AND</field><value name="A"><block type="logic_compare" id="Ns?lfnT5Auc}rcT}VcJY"><field name="OP">LT</field><value name="A"><block type="singleVar" id="]Bo=jg`E+@D_W]cw7P8a"><field name="varName">Health</field></block></value><value name="B"><block type="math_number" id="0-}EF`Yes6D),d*KoB=u"><field name="NUM">10</field></block></value></block></value><value name="B"><block type="logic_compare" id="^v0{DXd,.3l[LJ*@pT-v"><field name="OP">GT</field><value name="A"><block type="singleVar" id="]l3~AM.a!:Hu]T90[:BS"><field name="varName">Health</field></block></value><value name="B"><block type="math_number" id="vST5)EjX-5VlPN.-gh1d"><field name="NUM">5</field></block></value></block></value></block></value><statement name="DO0"><block type="popup" id="#hm~vjpJw)^U6^nU*;/0"><field name="popuptext">Your health is lower than 10, watch out!</field></block></statement><next><block type="controls_if" id="7Yqm)_~9_d-Z_N{1Z%M4"><value name="IF0"><block type="logic_operation" id="5;2c1J(x.,^.ZAOL:8GN"><field name="OP">AND</field><value name="A"><block type="logic_compare" id="q_ooFtA3foWiIgCWyH)9"><field name="OP">LTE</field><value name="A"><block type="singleVar" id=",},RLQw1w;V=*^s9e./J"><field name="varName">Health</field></block></value><value name="B"><block type="math_number" id="^-iKvb@[{hlT`]6(qZ0w"><field name="NUM">5</field></block></value></block></value><value name="B"><block type="logic_compare" id="bShl}1!mA:Tpv6!D6Sz3"><field name="OP">GTE</field><value name="A"><block type="singleVar" id="0t02!I`PIZ:l6_})U0Rx"><field name="varName">Health</field></block></value><value name="B"><block type="math_number" id="S3y1;9mBt.TAu(NGfCD["><field name="NUM">1</field></block></value></block></value></block></value><statement name="DO0"><block type="popup" id="l,=nea1|jRlWjm5xVs)f"><field name="popuptext">Your health is lower than 10, watch out! Buy something healthy quick or you will lose</field></block></statement><next><block type="controls_if" id="s;;mc-%(X/6-E/iCC;DL"><value name="IF0"><block type="logic_operation" id="Jm2D)nho@ZI(q|4%d%4^"><field name="OP">AND</field><value name="A"><block type="logic_compare" id="zd4T[B`tPGgv51RmyBY@"><field name="OP">LT</field><value name="A"><block type="singleVar" id="?,(|K7`;I4NM@,`d1o-v"><field name="varName">Joy</field></block></value><value name="B"><block type="math_number" id="re78Sk@|R9m]FcX]c1Vp"><field name="NUM">10</field></block></value></block></value><value name="B"><block type="logic_compare" id="Gbg*gpO|XerCrKMi2E}b"><field name="OP">GT</field><value name="A"><block type="singleVar" id="#w]PB4O{7QK1GSR!v%3;"><field name="varName">Joy</field></block></value><value name="B"><block type="math_number" id="YK2uBTn*`LC^}K=^LfsA"><field name="NUM">5</field></block></value></block></value></block></value><statement name="DO0"><block type="popup" id="x[7P-;KV*SQEPlJ]kp?9"><field name="popuptext">Your Joy is lower than 10, watch out or you will lose!</field></block></statement><next><block type="controls_if" id=";U^=rx6qclq(74%DhtP}"><value name="IF0"><block type="logic_operation" id="z])w*rSjh,sbV0{SUoW("><field name="OP">AND</field><value name="A"><block type="logic_compare" id="pz~AvDeEH;jY+ndO;6}p"><field name="OP">LT</field><value name="A"><block type="singleVar" id="j}:IoxQX^dL=[sN,c;e."><field name="varName">Joy</field></block></value><value name="B"><block type="math_number" id="L*zr00i~~Oc8kTO@W:6V"><field name="NUM">5</field></block></value></block></value><value name="B"><block type="logic_compare" id="1X_+FL^q}yF|qm/JG4|B"><field name="OP">GT</field><value name="A"><block type="singleVar" id="QnNs:H-T[PauWQ:#2|IP"><field name="varName">Joy</field></block></value><value name="B"><block type="math_number" id="JhL|g1]83;]ADciIwb_b"><field name="NUM">1</field></block></value></block></value></block></value><statement name="DO0"><block type="popup" id="CGmtqM_=81T8GiDaX#}+"><field name="popuptext">Your Joy is lower than 10, watch out or you will lose! Buy something that will increase your Joy or you are going to lose!</field></block></statement><next><block type="controls_if" id="Hwy(?(z,1GuG`a:*,M(#"><value name="IF0"><block type="logic_operation" id="sP3[[WrU6~#-p#G/bGZ="><field name="OP">AND</field><value name="A"><block type="current_point_check" id="LEfa:(MZ9,YRb,=9n]W;"><field name="pointsNames">WATER</field></block></value><value name="B"><block type="logic_compare" id="5Lr_+cQ-#3tAYPxDVJ_8"><field name="OP">EQ</field><value name="A"><block type="math_modulo" id="0fP1L/IMD/M#vj]`o)Yu"><value name="DIVIDEND"><shadow type="math_number" id="1zG2I8y]d[io*0Rd3{#)"><field name="NUM">64</field></shadow><block type="times_selected_check" id="A^jfnaimrj`.#BN]|zjn"></block></value><value name="DIVISOR"><shadow type="math_number" id="tFs/w3@C:+Q+Lh7v!!gP"><field name="NUM">10</field></shadow><block type="math_number" id="_B[BYKFM=DyW`[(?Q*7B"><field name="NUM">3</field></block></value></block></value><value name="B"><block type="math_number" id="EhK@B4}tDvdX:j183#a5"><field name="NUM">0</field></block></value></block></value></block></value><statement name="DO0"><block type="hide_point" id="XeQ*/{[BV*Ix]VFX^F{]"><field name="pointsNames">WATER</field></block></statement><next><block type="controls_if" id="QPWn|(|UP!)Rj-Qd!ctU"><value name="IF0"><block type="logic_operation" id="m4~55AXf8)zv+%SiaB#m"><field name="OP">AND</field><value name="A"><block type="current_point_check" id="R=%N405*j?*w%*O^R|Gf"><field name="pointsNames">EGGS</field></block></value><value name="B"><block type="logic_compare" id="LoOXZ9hWMiDr7GV*/}0c"><field name="OP">EQ</field><value name="A"><block type="math_modulo" id="z6+2fC/b%1~[AFyje8N,"><value name="DIVIDEND"><shadow type="math_number" id="1zG2I8y]d[io*0Rd3{#)"><field name="NUM">64</field></shadow><block type="times_selected_check" id="2V{kQz,duruCYMcgLm*|"></block></value><value name="DIVISOR"><shadow type="math_number" id="tFs/w3@C:+Q+Lh7v!!gP"><field name="NUM">10</field></shadow><block type="math_number" id="bI)UqSg.QmG_B)@Ybix@"><field name="NUM">3</field></block></value></block></value><value name="B"><block type="math_number" id="eHKvAkQn75mJ5]fflnJI"><field name="NUM">0</field></block></value></block></value></block></value><statement name="DO0"><block type="hide_point" id="@^0;CkU`IphZ7~)3]TT2"><field name="pointsNames">EGGS</field></block></statement><next><block type="controls_if" id="!c.f9k6u=bj=EbKKImAk"><value name="IF0"><block type="logic_operation" id="@w#-K@msC@yYE;,QSnek"><field name="OP">AND</field><value name="A"><block type="current_point_check" id="gWRga6Bj|^JCpBydmW+j"><field name="pointsNames">SODA</field></block></value><value name="B"><block type="logic_compare" id="xH5XGC[Ax6ULKn1):_pW"><field name="OP">EQ</field><value name="A"><block type="math_modulo" id="+~7#c_xb=96lvI]F8MwU"><value name="DIVIDEND"><shadow type="math_number" id="1zG2I8y]d[io*0Rd3{#)"><field name="NUM">64</field></shadow><block type="times_selected_check" id="KPMcytg)i!.2X+gPN|Xq"></block></value><value name="DIVISOR"><shadow type="math_number" id="tFs/w3@C:+Q+Lh7v!!gP"><field name="NUM">10</field></shadow><block type="math_number" id="8_V!ZlV9C#T!F1=!H=F5"><field name="NUM">3</field></block></value></block></value><value name="B"><block type="math_number" id="eNrZW4pB/v3ss?7E8^XK"><field name="NUM">0</field></block></value></block></value></block></value><statement name="DO0"><block type="hide_point" id="F^?+N1XZrz[_uW4cL3[."><field name="pointsNames">SODA</field></block></statement><next><block type="controls_if" id="+h8_kV;lj/E?,u4FUmmB"><value name="IF0"><block type="logic_operation" id="+8iQ^4gW9;hYd0D,-C*!"><field name="OP">AND</field><value name="A"><block type="current_point_check" id="lw#{3OE|8Bn_{/;r5q4C"><field name="pointsNames">CHEESE</field></block></value><value name="B"><block type="logic_compare" id="K1uL]%E*INN^kG}6dF}I"><field name="OP">EQ</field><value name="A"><block type="math_modulo" id=".IF2=aVZ:m-0SwY~4c4K"><value name="DIVIDEND"><shadow type="math_number" id="1zG2I8y]d[io*0Rd3{#)"><field name="NUM">64</field></shadow><block type="times_selected_check" id="Q]o6+JxZwde5G50x-)8H"></block></value><value name="DIVISOR"><shadow type="math_number" id="tFs/w3@C:+Q+Lh7v!!gP"><field name="NUM">10</field></shadow><block type="math_number" id="OJoq[T{q?z4OM#2N8*oE"><field name="NUM">3</field></block></value></block></value><value name="B"><block type="math_number" id="%bx)[A]~1*iz!CS#U9(j"><field name="NUM">0</field></block></value></block></value></block></value><statement name="DO0"><block type="hide_point" id="2L|=.oL2}QF?kz[oPeY~"><field name="pointsNames">CHEESE</field></block></statement><next><block type="controls_if" id=".ukL5g-Yx;]OOW*XSa,4"><value name="IF0"><block type="logic_operation" id="2OQ?7x:}Pwz-W7Hp2!Y{"><field name="OP">AND</field><value name="A"><block type="current_point_check" id="=8HPkQT_@K._07Y4U/lH"><field name="pointsNames">LETTUCE</field></block></value><value name="B"><block type="logic_compare" id="mNTk.V}?:4;vHR~w+:.f"><field name="OP">EQ</field><value name="A"><block type="math_modulo" id="qVr;VUX8mA#8f*go3}36"><value name="DIVIDEND"><shadow type="math_number" id="1zG2I8y]d[io*0Rd3{#)"><field name="NUM">64</field></shadow><block type="times_selected_check" id="NjsrWF?oa_yfjg/@OHca"></block></value><value name="DIVISOR"><shadow type="math_number" id="tFs/w3@C:+Q+Lh7v!!gP"><field name="NUM">10</field></shadow><block type="math_number" id="@08q/0!Yn@rY-~}YSy9["><field name="NUM">3</field></block></value></block></value><value name="B"><block type="math_number" id="+*f)h3[PDfW.]efk[+[0"><field name="NUM">0</field></block></value></block></value></block></value><statement name="DO0"><block type="hide_point" id="T(f`|wnqpsf@TjVcsutP"><field name="pointsNames">LETTUCE</field></block></statement><next><block type="controls_if" id="#:ef+}}w%6z{%E}LsJ~("><value name="IF0"><block type="logic_operation" id="n6}yL;+%W,DqLrG!-H2G"><field name="OP">AND</field><value name="A"><block type="current_point_check" id="u7B`(J:`[F1}!weJI(D:"><field name="pointsNames">BISQUITS</field></block></value><value name="B"><block type="logic_compare" id="bIyXVuV)xzw]Eb@)_wN6"><field name="OP">EQ</field><value name="A"><block type="math_modulo" id="}==+dCpw^UpP[l=c9UhW"><value name="DIVIDEND"><shadow type="math_number" id="1zG2I8y]d[io*0Rd3{#)"><field name="NUM">64</field></shadow><block type="times_selected_check" id="/)dOAUJ|ZjQ4WcbO401w"></block></value><value name="DIVISOR"><shadow type="math_number" id="tFs/w3@C:+Q+Lh7v!!gP"><field name="NUM">10</field></shadow><block type="math_number" id="WFzYmqFkOc0IyKWQSERQ"><field name="NUM">3</field></block></value></block></value><value name="B"><block type="math_number" id="6h][AG?~cLJ^(U74yQYV"><field name="NUM">0</field></block></value></block></value></block></value><statement name="DO0"><block type="hide_point" id="vm]:?=38lIPij-OMNvFy"><field name="pointsNames">BISQUITS</field></block></statement><next><block type="controls_if" id="^PtEww3i%XinC`7UQHZF"><value name="IF0"><block type="logic_operation" id="~~p-g9ZVh~t]Ul6j2cg/"><field name="OP">AND</field><value name="A"><block type="current_point_check" id="J%ZOxUj,u!=k?,h?.Wg)"><field name="pointsNames">LEMONS</field></block></value><value name="B"><block type="logic_compare" id="%`-2a{}?-9U~SX]9@Y44"><field name="OP">EQ</field><value name="A"><block type="math_modulo" id="w@P8*665bh{}qHc7Gd98"><value name="DIVIDEND"><shadow type="math_number" id="1zG2I8y]d[io*0Rd3{#)"><field name="NUM">64</field></shadow><block type="times_selected_check" id="%e{AMdIm!u!6W(w`F|Jw"></block></value><value name="DIVISOR"><shadow type="math_number" id="tFs/w3@C:+Q+Lh7v!!gP"><field name="NUM">10</field></shadow><block type="math_number" id="N%,}[+0q@(a~YASj/8l)"><field name="NUM">3</field></block></value></block></value><value name="B"><block type="math_number" id=";Jmc6rol1H@)x6b6|[H("><field name="NUM">0</field></block></value></block></value></block></value><statement name="DO0"><block type="hide_point" id="1l%gfY@~YCF+hEZkra?}"><field name="pointsNames">LEMONS</field></block></statement><next><block type="controls_if" id="bacZ.|-AX~^gnHeLNi)2"><value name="IF0"><block type="logic_operation" id="UV|GVpau9.fx0fI|JfGI"><field name="OP">AND</field><value name="A"><block type="current_point_check" id="0kQ?U*(4t5kZW|5mF|[/"><field name="pointsNames">JUICE</field></block></value><value name="B"><block type="logic_compare" id="?bnb9i|kr`}=l}^{wWYM"><field name="OP">EQ</field><value name="A"><block type="math_modulo" id="P~G7IV]ZoQmHt_hu@G6G"><value name="DIVIDEND"><shadow type="math_number" id="1zG2I8y]d[io*0Rd3{#)"><field name="NUM">64</field></shadow><block type="times_selected_check" id="Nh2{Vf-=m[fx4M(,-56!"></block></value><value name="DIVISOR"><shadow type="math_number" id="tFs/w3@C:+Q+Lh7v!!gP"><field name="NUM">10</field></shadow><block type="math_number" id="HJFNSHn!NGWq5bMyQ~FK"><field name="NUM">3</field></block></value></block></value><value name="B"><block type="math_number" id="n3XZZpto]zP!LqdWKc^Y"><field name="NUM">0</field></block></value></block></value></block></value><statement name="DO0"><block type="hide_point" id="At(L%XBdH2^B?ZNlR=xV"><field name="pointsNames">JUICE</field></block></statement><next><block type="controls_if" id="^MKSx)Q:OH0a]Vedg%Mp"><value name="IF0"><block type="logic_operation" id="o~9oR[pRB^CsAQ3b=S*W"><field name="OP">AND</field><value name="A"><block type="current_point_check" id="+YwN{tks,LCV^palI9.m"><field name="pointsNames">MILK</field></block></value><value name="B"><block type="logic_compare" id=";p^n[)08pu~s:4ao{n0("><field name="OP">EQ</field><value name="A"><block type="math_modulo" id="0u|PClcwZ#=Wq?tuT.dN"><value name="DIVIDEND"><shadow type="math_number" id="1zG2I8y]d[io*0Rd3{#)"><field name="NUM">64</field></shadow><block type="times_selected_check" id=")Bj|AaW7#u|e_V*nxjyH"></block></value><value name="DIVISOR"><shadow type="math_number" id="tFs/w3@C:+Q+Lh7v!!gP"><field name="NUM">10</field></shadow><block type="math_number" id="uv.HkKKeMs_*Co*@Lgg["><field name="NUM">3</field></block></value></block></value><value name="B"><block type="math_number" id="%JgK.WH%zGNwB^fhfa`5"><field name="NUM">0</field></block></value></block></value></block></value><statement name="DO0"><block type="hide_point" id="Nuw[YRr3+Nk:zrIhp(wb"><field name="pointsNames">MILK</field></block></statement><next><block type="controls_if" id="rTy{=lNQ(1k~NU=h]dX8"><value name="IF0"><block type="logic_operation" id="8/xG/XM3.=K%[2(V|r_y"><field name="OP">AND</field><value name="A"><block type="current_point_check" id="^7tx8m9VpLBmNj;Wx%_a"><field name="pointsNames">CHIPS</field></block></value><value name="B"><block type="logic_compare" id=",{LN3tO)m3JN_M_Fj;|;"><field name="OP">EQ</field><value name="A"><block type="math_modulo" id="FWX/GaO[Dv*A1s3R3{kI"><value name="DIVIDEND"><shadow type="math_number" id="1zG2I8y]d[io*0Rd3{#)"><field name="NUM">64</field></shadow><block type="times_selected_check" id="a]bksN6Jv[kl6C[fjOJ="></block></value><value name="DIVISOR"><shadow type="math_number" id="tFs/w3@C:+Q+Lh7v!!gP"><field name="NUM">10</field></shadow><block type="math_number" id="F/XQ(q^]!^vT0vZnid[c"><field name="NUM">3</field></block></value></block></value><value name="B"><block type="math_number" id="uanSKtv|ES9ZH}2y%?dW"><field name="NUM">0</field></block></value></block></value></block></value><statement name="DO0"><block type="hide_point" id="frdTJnGW*!=gbv?Ck+kj"><field name="pointsNames">CHIPS</field></block></statement><next><block type="controls_if" id="RS-bn%{+KJ/rP_l`gl!y"><value name="IF0"><block type="logic_operation" id="L*Ecw;[{)KmwWNS8!G^l"><field name="OP">AND</field><value name="A"><block type="current_point_check" id="c7p^+qYaTkgQmBfb~vSr"><field name="pointsNames">BREAD</field></block></value><value name="B"><block type="logic_compare" id="xDEr7Q4YK2A/dIfve~t8"><field name="OP">EQ</field><value name="A"><block type="math_modulo" id="jpxq1[k-.U14d)Dj5AV9"><value name="DIVIDEND"><shadow type="math_number" id="1zG2I8y]d[io*0Rd3{#)"><field name="NUM">64</field></shadow><block type="times_selected_check" id="JfO?4YLS;ToqfE8-M;7V"></block></value><value name="DIVISOR"><shadow type="math_number" id="tFs/w3@C:+Q+Lh7v!!gP"><field name="NUM">10</field></shadow><block type="math_number" id="pL@wgS_+WzF}4{W|]JVZ"><field name="NUM">3</field></block></value></block></value><value name="B"><block type="math_number" id=")S=+WgSMmPHkVN?`G;xm"><field name="NUM">0</field></block></value></block></value></block></value><statement name="DO0"><block type="hide_point" id="M*/tgd.`}kdaQtp+R{0)"><field name="pointsNames">BREAD</field></block></statement><next><block type="controls_if" id="4+Ag~BXJ{CKbG;Uad`(_"><value name="IF0"><block type="logic_operation" id="#qeiY=JN?,sDwYLYVxS="><field name="OP">AND</field><value name="A"><block type="current_point_check" id="9wDRpcb2tp((P,oQRDV!"><field name="pointsNames">CAKE</field></block></value><value name="B"><block type="logic_compare" id="*[|NOFC/cyQOm)Iu9U[k"><field name="OP">EQ</field><value name="A"><block type="math_modulo" id="UZu;?,F7}gXVQ+lkT)h3"><value name="DIVIDEND"><shadow type="math_number" id="1zG2I8y]d[io*0Rd3{#)"><field name="NUM">64</field></shadow><block type="times_selected_check" id="KSDys|X1#ui+7n=@}sOQ"></block></value><value name="DIVISOR"><shadow type="math_number" id="tFs/w3@C:+Q+Lh7v!!gP"><field name="NUM">10</field></shadow><block type="math_number" id="mx+ro9A[X!:9F4NIVEiN"><field name="NUM">3</field></block></value></block></value><value name="B"><block type="math_number" id="4}s;Bx0!b4EVnEw/T|v}"><field name="NUM">0</field></block></value></block></value></block></value><statement name="DO0"><block type="hide_point" id="CFqdRk28bQUga]yZ!U~P"><field name="pointsNames">CAKE</field></block></statement><next><block type="controls_if" id="x`A2TtDYk~3?t,y2AHA{"><value name="IF0"><block type="logic_operation" id="0~lkkL+kBlj6^aAo]Oq."><field name="OP">AND</field><value name="A"><block type="current_point_check" id="`ekjXxCWITp*YG+BGg(A"><field name="pointsNames">BROKOLI</field></block></value><value name="B"><block type="logic_compare" id="7z!|k*ynxva=QozFEUmD"><field name="OP">EQ</field><value name="A"><block type="math_modulo" id="?Q!d1{l%u;5+vzRITLxL"><value name="DIVIDEND"><shadow type="math_number" id="1zG2I8y]d[io*0Rd3{#)"><field name="NUM">64</field></shadow><block type="times_selected_check" id="{_IVJgZAY[M/~?LiAUWD"></block></value><value name="DIVISOR"><shadow type="math_number" id="tFs/w3@C:+Q+Lh7v!!gP"><field name="NUM">10</field></shadow><block type="math_number" id="-USkO_IA1o(1nOOjI%NK"><field name="NUM">3</field></block></value></block></value><value name="B"><block type="math_number" id="1EvJ5j#ga7PRKh=F^Ujo"><field name="NUM">0</field></block></value></block></value></block></value><statement name="DO0"><block type="hide_point" id="T[cKDKuK5-Dpgx,]/JOw"><field name="pointsNames">BROKOLI</field></block></statement><next><block type="controls_if" id="zumE2?Xjb8cj,tPlG*w?"><value name="IF0"><block type="logic_operation" id="Xf!@4zb6C5NaF#wNd^K,"><field name="OP">AND</field><value name="A"><block type="current_point_check" id="(mY]a9btKZT13WG!D!g("><field name="pointsNames">BANANAS</field></block></value><value name="B"><block type="logic_compare" id="}PQK*LenKD:5([~[6rq9"><field name="OP">EQ</field><value name="A"><block type="math_modulo" id="LHF=_wM9:(~@R;tlp}Jv"><value name="DIVIDEND"><shadow type="math_number" id="1zG2I8y]d[io*0Rd3{#)"><field name="NUM">64</field></shadow><block type="times_selected_check" id="x:UA{9G4(QAshOE+Uq7."></block></value><value name="DIVISOR"><shadow type="math_number" id="tFs/w3@C:+Q+Lh7v!!gP"><field name="NUM">10</field></shadow><block type="math_number" id="OM?C99]t_*_QNYAb[;^P"><field name="NUM">3</field></block></value></block></value><value name="B"><block type="math_number" id="w=U(dtw)!B4iV2xc-IQ9"><field name="NUM">0</field></block></value></block></value></block></value><statement name="DO0"><block type="hide_point" id="0O?P+^0Z/c:!zz?f56ef"><field name="pointsNames">BANANAS</field></block></statement><next><block type="controls_if" id="bZasIE4aK2jvY[!Z#y9L"><value name="IF0"><block type="logic_operation" id="sCPB(NKNZxD@4URNs]9q"><field name="OP">AND</field><value name="A"><block type="current_point_check" id="b#4yxGBk48oxR}.Z+08Q"><field name="pointsNames">APPLES</field></block></value><value name="B"><block type="logic_compare" id="y:Kb;X^~YNH153XdST-s"><field name="OP">EQ</field><value name="A"><block type="math_modulo" id="`mi-i^s8X:+gh)?6JJBJ"><value name="DIVIDEND"><shadow type="math_number" id="1zG2I8y]d[io*0Rd3{#)"><field name="NUM">64</field></shadow><block type="times_selected_check" id="Si|=6QeBv%}OW4^ORTn~"></block></value><value name="DIVISOR"><shadow type="math_number" id="tFs/w3@C:+Q+Lh7v!!gP"><field name="NUM">10</field></shadow><block type="math_number" id="tu0lg[pq85Z}d!w=TVnM"><field name="NUM">3</field></block></value></block></value><value name="B"><block type="math_number" id="o?@lDCgEeud8-ea~]Qfo"><field name="NUM">0</field></block></value></block></value></block></value><statement name="DO0"><block type="hide_point" id="RQ0^buuV_m:.{d~S7lpc"><field name="pointsNames">APPLES</field></block></statement><next><block type="controls_if" id="h_1V=WKPKv{a[vUQKb)C"><value name="IF0"><block type="logic_operation" id="1bWpG9p4_~7x15sm=up:"><field name="OP">AND</field><value name="A"><block type="current_point_check" id="Mj;xyQ7a5io|(c=O]L4y"><field name="pointsNames">STEAKS</field></block></value><value name="B"><block type="logic_compare" id="6c}P(W9}USK`LGkIM3m8"><field name="OP">EQ</field><value name="A"><block type="math_modulo" id="u~PWuHCnCWuA.`KP+xrP"><value name="DIVIDEND"><shadow type="math_number" id="1zG2I8y]d[io*0Rd3{#)"><field name="NUM">64</field></shadow><block type="times_selected_check" id="A)8z)u8`]fWcE.l=OySB"></block></value><value name="DIVISOR"><shadow type="math_number" id="tFs/w3@C:+Q+Lh7v!!gP"><field name="NUM">10</field></shadow><block type="math_number" id="Oq~[mR!SU_=sU!))ILAa"><field name="NUM">3</field></block></value></block></value><value name="B"><block type="math_number" id="/#;kGxjaCZ7ZsE-3W?)w"><field name="NUM">0</field></block></value></block></value></block></value><statement name="DO0"><block type="hide_point" id="r.tp_s6,(*X32rr`R0TH"><field name="pointsNames">STEAKS</field></block></statement><next><block type="controls_if" id="IRLQR#Ud`X7RAc(A_9mW"><value name="IF0"><block type="logic_operation" id="2r_3^=~st![Njt{..qUI"><field name="OP">AND</field><value name="A"><block type="current_point_check" id="z--+3|;M[r;fvb35S2^R"><field name="pointsNames">BACON</field></block></value><value name="B"><block type="logic_compare" id="Mulbi`=^=RUk-t|Tlzq["><field name="OP">EQ</field><value name="A"><block type="math_modulo" id="P87[JSFN#rheI!-zUcb9"><value name="DIVIDEND"><shadow type="math_number" id="1zG2I8y]d[io*0Rd3{#)"><field name="NUM">64</field></shadow><block type="times_selected_check" id="*[qr^3tnKZ(G^sDgzu1L"></block></value><value name="DIVISOR"><shadow type="math_number" id="tFs/w3@C:+Q+Lh7v!!gP"><field name="NUM">10</field></shadow><block type="math_number" id="M9nRIy/zf03-.DT~|xeY"><field name="NUM">3</field></block></value></block></value><value name="B"><block type="math_number" id="C}1-sfz/_C8L5v6=LX*z"><field name="NUM">0</field></block></value></block></value></block></value><statement name="DO0"><block type="hide_point" id="fa2R?qdK6YI`DR_%Uq_u"><field name="pointsNames">BACON</field></block></statement><next><block type="controls_if" id="xdyth0BKlTkaVGX9s8V?"><value name="IF0"><block type="logic_operation" id="F4Ifv)n6D7FG!WuU*NX?"><field name="OP">AND</field><value name="A"><block type="current_point_check" id="WfbV9?Q3[+yFm4znl[aE"><field name="pointsNames">HONEY</field></block></value><value name="B"><block type="logic_compare" id="kGUBFmN,l}HIA8X`v^BL"><field name="OP">EQ</field><value name="A"><block type="math_modulo" id="o*=..`q[5)R##Wv4qS|-"><value name="DIVIDEND"><shadow type="math_number" id="1zG2I8y]d[io*0Rd3{#)"><field name="NUM">64</field></shadow><block type="times_selected_check" id="O~b{I%*_t}?EW1_C8m|?"></block></value><value name="DIVISOR"><shadow type="math_number" id="tFs/w3@C:+Q+Lh7v!!gP"><field name="NUM">10</field></shadow><block type="math_number" id="0a@B|5jb48n;?6qnjao_"><field name="NUM">3</field></block></value></block></value><value name="B"><block type="math_number" id="_]Q;o!oR/#*)@6!LqZ25"><field name="NUM">0</field></block></value></block></value></block></value><statement name="DO0"><block type="hide_point" id="FGq~cVe*~mHd^uQU!cDr"><field name="pointsNames">HONEY</field></block></statement><next><block type="controls_if" id="6+dQ5,Fy[/Dk;p?Chay}"><value name="IF0"><block type="logic_operation" id="mw+V]gc,0`3U1VI.;Svq"><field name="OP">AND</field><value name="A"><block type="current_point_check" id="Wy+qM;ZOskLYjitzjS^^"><field name="pointsNames">JAM</field></block></value><value name="B"><block type="logic_compare" id="-TdHx@(p;.P@TKakP0~E"><field name="OP">EQ</field><value name="A"><block type="math_modulo" id="+@u`JjXw%z]%C37!IP+D"><value name="DIVIDEND"><shadow type="math_number" id="1zG2I8y]d[io*0Rd3{#)"><field name="NUM">64</field></shadow><block type="times_selected_check" id="NIMi#H0?lZCQ+(nFbrTm"></block></value><value name="DIVISOR"><shadow type="math_number" id="tFs/w3@C:+Q+Lh7v!!gP"><field name="NUM">10</field></shadow><block type="math_number" id="kr-gIsc|fb[;R}Dr(eN_"><field name="NUM">3</field></block></value></block></value><value name="B"><block type="math_number" id="cyz[y#|fct_E#c}#E`)o"><field name="NUM">0</field></block></value></block></value></block></value><statement name="DO0"><block type="hide_point" id="M*DLL}9H3JACwpR)3){`"><field name="pointsNames">JAM</field></block></statement><next><block type="controls_if" id="ZNiyI75DN+rvK#/ow)b%"><value name="IF0"><block type="logic_operation" id="~AJq4xMo_*B.RCcr%g92"><field name="OP">AND</field><value name="A"><block type="current_point_check" id="2_yfr|Lr5%q.^LB75Nz("><field name="pointsNames">TIN FISH</field></block></value><value name="B"><block type="logic_compare" id="=CWR^;*K#Z,2h.%}qWlS"><field name="OP">EQ</field><value name="A"><block type="math_modulo" id="Z=n9yaz2@Qt#^85?J%lh"><value name="DIVIDEND"><shadow type="math_number" id="1zG2I8y]d[io*0Rd3{#)"><field name="NUM">64</field></shadow><block type="times_selected_check" id="hG}:nPEm_NF:u^usV0(@"></block></value><value name="DIVISOR"><shadow type="math_number" id="tFs/w3@C:+Q+Lh7v!!gP"><field name="NUM">10</field></shadow><block type="math_number" id="S~Ov!^mBou_[{#w6*5~/"><field name="NUM">3</field></block></value></block></value><value name="B"><block type="math_number" id="[^f9Vq|vc%%Kr,v1QjT,"><field name="NUM">0</field></block></value></block></value></block></value><statement name="DO0"><block type="hide_point" id="tGdlH9n|.D,u!u1U}p]I"><field name="pointsNames">TIN FISH</field></block></statement><next><block type="controls_if" id="n@;FaI`pneEJ7Bx:]{fz"><value name="IF0"><block type="logic_operation" id="#fUk_4qjV%kwm(#GpED#"><field name="OP">AND</field><value name="A"><block type="current_point_check" id="pRl]FIxQUUdH=Fb4@e)?"><field name="pointsNames">CHOCOLATE</field></block></value><value name="B"><block type="logic_compare" id="0HCH05Bq/n:2%jD,y1(1"><field name="OP">EQ</field><value name="A"><block type="math_modulo" id="-Z/%.`,SY@lKsLsR.JqC"><value name="DIVIDEND"><shadow type="math_number" id="1zG2I8y]d[io*0Rd3{#)"><field name="NUM">64</field></shadow><block type="times_selected_check" id="*o+OotU_r4K5uc;2xxS!"></block></value><value name="DIVISOR"><shadow type="math_number" id="tFs/w3@C:+Q+Lh7v!!gP"><field name="NUM">10</field></shadow><block type="math_number" id="V%;u:v@*bB3Rt;!9iLB:"><field name="NUM">3</field></block></value></block></value><value name="B"><block type="math_number" id="TZIC]YU?GJ=km(,SR`jd"><field name="NUM">0</field></block></value></block></value></block></value><statement name="DO0"><block type="hide_point" id="gzJ;n)6S]mtZ%#A0LtNF"><field name="pointsNames">CHOCOLATE</field></block></statement><next><block type="controls_if" id="rXqe;y=dwFF|)~j2AxG0"><value name="IF0"><block type="logic_operation" id="cnCK_aqve-TMa3FTi(5#"><field name="OP">AND</field><value name="A"><block type="current_point_check" id=".f!Pih=Rw288ua+1gYkc"><field name="pointsNames">DONUTS</field></block></value><value name="B"><block type="logic_compare" id="7TyP+]o]LZRp(qL3-MbQ"><field name="OP">EQ</field><value name="A"><block type="math_modulo" id="q!mk%ct#jrbD[-U2=j,8"><value name="DIVIDEND"><shadow type="math_number" id="1zG2I8y]d[io*0Rd3{#)"><field name="NUM">64</field></shadow><block type="times_selected_check" id="7N+;ux-C;LR!`8y-n3ij"></block></value><value name="DIVISOR"><shadow type="math_number" id="tFs/w3@C:+Q+Lh7v!!gP"><field name="NUM">10</field></shadow><block type="math_number" id="zFA*~lkt_0{vkvXP)Nh;"><field name="NUM">3</field></block></value></block></value><value name="B"><block type="math_number" id="bLLU3DkA[@0{Sbp%!5t0"><field name="NUM">0</field></block></value></block></value></block></value><statement name="DO0"><block type="hide_point" id="9+z{0[~tIez:v3b).}Ez"><field name="pointsNames">DONUTS</field></block></statement><next><block type="controls_if" id="e@%r0gGl88S^*{@ho@{:"><value name="IF0"><block type="logic_operation" id="{1Ghzq25WJe%4Mh0m]Fl"><field name="OP">AND</field><value name="A"><block type="current_point_check" id="ywsEJ)],Phd{sX-pc_0]"><field name="pointsNames">POTATOES</field></block></value><value name="B"><block type="logic_compare" id="29~0:V3i*l3]ZfL+hZo`"><field name="OP">EQ</field><value name="A"><block type="math_modulo" id="IxtGdx@xf@ft#cuzG5LS"><value name="DIVIDEND"><shadow type="math_number" id="1zG2I8y]d[io*0Rd3{#)"><field name="NUM">64</field></shadow><block type="times_selected_check" id="wee}KVA:Zulc~l]2xT,{"></block></value><value name="DIVISOR"><shadow type="math_number" id="tFs/w3@C:+Q+Lh7v!!gP"><field name="NUM">10</field></shadow><block type="math_number" id="k[)?8/4]yo2AA^#SJZXe"><field name="NUM">3</field></block></value></block></value><value name="B"><block type="math_number" id="*hPi;m6-D8c8Jts9eA{?"><field name="NUM">0</field></block></value></block></value></block></value><statement name="DO0"><block type="hide_point" id="5,H]i_CMLv|]NjeI0pFw"><field name="pointsNames">POTATOES</field></block></statement><next><block type="controls_if" id="W(wq?i2x86:O;V+o?VmN"><value name="IF0"><block type="logic_operation" id="?y;dhR.GuZ})@@deThex"><field name="OP">AND</field><value name="A"><block type="current_point_check" id="kAY_6T+LU8S)JSUv`wcT"><field name="pointsNames">MAYO</field></block></value><value name="B"><block type="logic_compare" id="L/Li;S)dc3|qH+St#jpW"><field name="OP">EQ</field><value name="A"><block type="math_modulo" id="O3e^dGa@MZqwN/w[ah|z"><value name="DIVIDEND"><shadow type="math_number" id="1zG2I8y]d[io*0Rd3{#)"><field name="NUM">64</field></shadow><block type="times_selected_check" id="8MKgdvT.XA{!+a)kqIMu"></block></value><value name="DIVISOR"><shadow type="math_number" id="tFs/w3@C:+Q+Lh7v!!gP"><field name="NUM">10</field></shadow><block type="math_number" id="1qh*{{u~+qV@0a(nbk#F"><field name="NUM">3</field></block></value></block></value><value name="B"><block type="math_number" id="?AhYm[sPpA3E8L!|%5EG"><field name="NUM">0</field></block></value></block></value></block></value><statement name="DO0"><block type="hide_point" id="Q4L6pcM}7N/T3LeF+Y~*"><field name="pointsNames">MAYO</field></block></statement><next><block type="controls_if" id="H#X|usiY(w4r/E1~_elX"><value name="IF0"><block type="logic_operation" id="Usl3GOj%oyO*~~!MO^w!"><field name="OP">AND</field><value name="A"><block type="current_point_check" id="D|Z!jkw}etVnM_z1_j5p"><field name="pointsNames">YOGURT</field></block></value><value name="B"><block type="logic_compare" id="S5Quxh(=/vV}hbh8`k,9"><field name="OP">EQ</field><value name="A"><block type="math_modulo" id="1;WHrz3Zi[u.y0Vq67?M"><value name="DIVIDEND"><shadow type="math_number" id="1zG2I8y]d[io*0Rd3{#)"><field name="NUM">64</field></shadow><block type="times_selected_check" id="8{mT-TqwJ1z`x6FyN-#w"></block></value><value name="DIVISOR"><shadow type="math_number" id="tFs/w3@C:+Q+Lh7v!!gP"><field name="NUM">10</field></shadow><block type="math_number" id=":4KNf!f[pY1QHE*nUSu|"><field name="NUM">3</field></block></value></block></value><value name="B"><block type="math_number" id="Zs)}o9}p3_A.WV_}.%Oi"><field name="NUM">0</field></block></value></block></value></block></value><statement name="DO0"><block type="hide_point" id="x/N/-6pBv=xu]E@xSZeA"><field name="pointsNames">YOGURT</field></block></statement></block></next></block></next></block></next></block></next></block></next></block></next></block></next></block></next></block></next></block></next></block></next></block></next></block></next></block></next></block></next></block></next></block></next></block></next></block></next></block></next></block></next></block></next></block></next></block></next></block></next></block></next></block></next></block></next></block></next></block></next></block><block type="controls_if" id="*p6gE^o8S!Yn#q2vr~P@" x="943" y="103"><value name="IF0"><block type="logic_compare" id="W-Q^B05QdNn34a}J!r%#"><field name="OP">EQ</field><value name="A"><block type="math_modulo" id="@iru=|2HwKbsQbwLKP6S"><value name="DIVIDEND"><shadow type="math_number" id="rM_F,T+s{ZqL/u,1D.+/"><field name="NUM">64</field></shadow><block type="movescounter" id="bEzcGR]#*7{HT6v;y7R3"></block></value><value name="DIVISOR"><shadow type="math_number" id="X0^IeZ[qy+[J{HT+Mkwm"><field name="NUM">10</field></shadow><block type="math_number" id="E.dL:/OhD6l,;0y52ztt"><field name="NUM">10</field></block></value></block></value><value name="B"><block type="math_number" id="GI6U`Fcx}nqV%.}#6]m["><field name="NUM">0</field></block></value></block></value><statement name="DO0"><block type="show_all" id=":ddNx)EGrOIBwi!8O.wH"><next><block type="show_point" id="1yY`dq-T.N;YZ_khuQ-f"><field name="pointsNames">**SALARY**</field><next><block type="controls_if" id="s.PPhgT_c3:49UG[]P?e"><mutation else="1"></mutation><value name="IF0"><block type="current_point_check" id="YK.IyQkKVP|{yRLBZXy~"><field name="pointsNames">**SALARY**</field></block></value><statement name="DO0"><block type="hide_point" id="^|~{hN*oqNQ)%eQk[q@="><field name="pointsNames">**SALARY**</field></block></statement><statement name="ELSE"><block type="popup" id="v=YX5T;C2ZSr?G[dj`iW"><field name="popuptext">It's pay day! You can select the point SALARY to add money </field></block></statement></block></next></block></next></block></statement><next><block type="controls_if" id="+t]{;:AT[5p1=5y@.Qv~"><value name="IF0"><block type="current_point_check" id="I?25hnF1_[t?3PlIW{+5"><field name="pointsNames">**SALARY**</field></block></value><statement name="DO0"><block type="hide_point" id="9pqZi#3:,89zv*p@N{.g"><field name="pointsNames">**SALARY**</field></block></statement></block></next></block></xml>