<xml xmlns="http://www.w3.org/1999/xhtml"><block type="initialvalues" id="7%pi|u/wU`(M`t7@0~7Z" x="247" y="147"><statement name="Initial Values"><block type="show_all" id="scII8KS{pz;jmSEfB#s{"><next><block type="initialValue" id="fEs];Gcx,Tt|x1?rodg]"><field name="varName">Money</field><value name="varVal"><block type="math_number" id="uQv~gW9dQlSfb20yyA[G"><field name="NUM">100</field></block></value><next><block type="initialValue" id="5NsuKgZk5Hi/md(GHDa0"><field name="varName">Health</field><value name="varVal"><block type="math_number" id="3@A{OJvhP{OGrL3!GnMU"><field name="NUM">15</field></block></value><next><block type="initialValue" id="enK}%1ZBnqNKi+2neSQa"><field name="varName">Joy</field><value name="varVal"><block type="math_number" id="FD/:X_Hv4AJ@fbVydur4"><field name="NUM">15</field></block></value><next><block type="initialValue" id="=gBjtkYUnpnzFlE^)9}m"><field name="varName">Total_Pieces</field><value name="varVal"><block type="math_number" id="n;lP:/7+.5Hl@c7Q+X9f"><field name="NUM">0</field></block></value><next><block type="hide_point" id="bs%|/Akob[:g01O[ymMN"><field name="pointsNames">**SALARY**</field></block></next></block></next></block></next></block></next></block></next></block></statement></block></xml>