[{"id":4,"description":"Local restaurant","values":{"Environmental_Footprint_":{"oper":"plus","option":"previous"},"Fun":"2","Culture_and_Education":"-2","Money":"-2","Citizenship":"-2"},"imguri":"","layers":"googleMapsMain","isDummy":false,"latlng":{"lat":37.97487624552449,"lng":23.766786168658232}},{"id":8,"description":"Tailor Helen","values":{"Environmental_Footprint_":{"oper":"minus","option":"previous"},"Fun":"-3","Culture_and_Education":"-3","Money":"4","Citizenship":"2"},"imguri":"","layers":"googleMapsMain","isDummy":false,"latlng":{"lat":37.97299267313377,"lng":23.771995666179397}},{"id":12,"description":"Going to work by car","values":{"Environmental_Footprint_":{"oper":"plus","option":"previous"},"Fun":"1","Culture_and_Education":"-5","Money":"2","Citizenship":"-2"},"imguri":"","layers":"googleMapsMain","isDummy":false,"latlng":{"lat":37.97716758852218,"lng":23.747400385108723}},{"id":16,"description":"Clothes recycling","values":{"Environmental_Footprint_":{"oper":"minus","option":"previous"},"Fun":"-4","Culture_and_Education":"3","Money":"3","Citizenship":"4"},"imguri":"","layers":"googleMapsMain","isDummy":false,"latlng":{"lat":37.97189315883304,"lng":23.7669038772583}},{"id":18,"description":"Big Concert","values":{"Environmental_Footprint_":{"oper":"plus","option":"previous"},"Fun":"5","Culture_and_Education":"2","Money":"-5","Citizenship":"-2"},"imguri":"","layers":"googleMapsMain","isDummy":false,"latlng":{"lat":37.93596255798254,"lng":23.69124447193958}},{"id":19,"description":"Football game","values":{"Environmental_Footprint_":{"oper":"plus","option":"previous"},"Fun":"3","Culture_and_Education":"-2","Money":"-5","Citizenship":"1"},"imguri":"","layers":"googleMapsMain","isDummy":false,"latlng":{"lat":37.987161092035606,"lng":23.754362508415106}},{"id":20,"description":"Go tree planting","values":{"Environmental_Footprint_":{"oper":"minus","option":"12"},"Fun":"-3","Culture_and_Education":"2","Money":"-1","Citizenship":"3"},"imguri":"","layers":"googleMapsMain","isDummy":false,"latlng":{"lat":37.9635793497997,"lng":23.78528512167897}},{"id":21,"description":"Megaro mousikis","values":{"Environmental_Footprint_":{"oper":"plus","option":"previous"},"Fun":"5","Culture_and_Education":"5","Money":"-5","Citizenship":"2"},"imguri":"","layers":"googleMapsMain","isDummy":false,"latlng":{"lat":37.97948257288321,"lng":23.753183812898115}},{"id":22,"description":"Go to work with public transport","values":{"Environmental_Footprint_":{"oper":"minus","option":"previous"},"Fun":"-3","Culture_and_Education":"-3","Money":"5","Citizenship":"3"},"imguri":"","layers":"googleMapsMain","isDummy":false,"latlng":{"lat":37.9765733749951,"lng":23.74730441073747}},{"id":23,"description":"Home","values":{"Environmental_Footprint_":{"oper":"minus","option":"previous"},"Fun":"2","Culture_and_Education":"2","Money":"3","Citizenship":"-5"},"imguri":"","layers":"googleMapsMain","isDummy":false,"latlng":{"lat":37.977278439370224,"lng":23.77175182999795}},{"id":24,"description":"Local cultural event","values":{"Environmental_Footprint_":{"oper":"minus","option":"23"},"Fun":"-1","Culture_and_Education":"3","Money":"2","Citizenship":"5"},"imguri":"","layers":"googleMapsMain","isDummy":false,"latlng":{"lat":37.97533515161448,"lng":23.773560486980774}},{"id":25,"description":"Shopping in the mall","values":{"Environmental_Footprint_":{"oper":"plus","option":"previous"},"Fun":"4","Culture_and_Education":"-5","Money":"-5","Citizenship":"-5"},"imguri":"","layers":"googleMapsMain","isDummy":false,"latlng":{"lat":37.939023967584085,"lng":23.740003887709964}},{"id":26,"description":"Sightseeing","values":{"Environmental_Footprint_":{"oper":"plus","option":"23"},"Fun":"3","Culture_and_Education":"5","Money":"-3","Citizenship":"2"},"imguri":"","layers":"googleMapsMain","isDummy":false,"latlng":{"lat":37.974956512762645,"lng":23.722438721108734}},{"id":27,"description":"Fun Park","values":{"Environmental_Footprint_":{"oper":"plus","option":"previous"},"Fun":"5","Culture_and_Education":"-5","Money":"-5","Citizenship":"-5"},"imguri":"","layers":"googleMapsMain","isDummy":false,"latlng":{"lat":37.97340238980489,"lng":23.67293271162114}},{"id":28,"description":"Local Museum","values":{"Environmental_Footprint_":{"oper":"minus","option":"previous"},"Fun":"-2","Culture_and_Education":"2","Money":"3","Citizenship":"3"},"imguri":"","layers":"googleMapsMain","isDummy":false,"latlng":{"lat":37.97569067113175,"lng":23.769545922348087}},{"id":29,"description":"Big Supermarket","values":{"Environmental_Footprint_":{"oper":"plus","option":"previous"},"Fun":"2","Culture_and_Education":"-5","Money":"-5","Citizenship":"-3"},"imguri":"","layers":"googleMapsMain","isDummy":false,"latlng":{"lat":37.97654473405276,"lng":23.76166820526123}},{"id":30,"description":"Local store","values":{"Environmental_Footprint_":{"oper":"minus","option":"previous"},"Fun":"-4","Culture_and_Education":"-2","Money":"2","Citizenship":"3"},"imguri":"","layers":"googleMapsMain","isDummy":false,"latlng":{"lat":37.97659504995145,"lng":23.77415249246277}},{"id":31,"description":"Help in the public library","values":{"Environmental_Footprint_":{"oper":"minus","option":"previous"},"Fun":"-3","Culture_and_Education":"3","Money":"3","Citizenship":"5"},"imguri":"","layers":"googleMapsMain","isDummy":false,"latlng":{"lat":37.9764343641969,"lng":23.76697043057228}},{"id":32,"description":"Trecking","values":{"Environmental_Footprint_":{"oper":"minus","option":"previous"},"Fun":"2","Culture_and_Education":"3","Money":"2","Citizenship":"2"},"imguri":"","layers":"googleMapsMain","isDummy":false,"latlng":{"lat":37.96356734646193,"lng":23.796614178633448}}]