<xml xmlns="http://www.w3.org/1999/xhtml"><block type="initialvalues" id="7%pi|u/wU`(M`t7@0~7Z" x="88" y="88"><statement name="Initial Values"><block type="initialValue" id="id1"><field name="varName">Travel_time</field><value name="varVal"><block type="math_number" id="var1"><field name="NUM">0</field></block></value><next><block type="initialValue" id="id2"><field name="varName">Fun</field><value name="varVal"><block type="math_number" id="var2"><field name="NUM">20</field></block></value><next><block type="initialValue" id="*KHY2ute|#um6gW1BtJD"><field name="varName">Culture_and_Education</field><value name="varVal"><block type="math_number" id="^a.:NZP0c_#g3:5t+wz_"><field name="NUM">20</field></block></value><next><block type="initialValue" id="-y=O?8/+~GPZ%Bnc0:`6"><field name="varName">Money</field><value name="varVal"><block type="math_number" id="jWHu)pMmK?B_cbV-CHC="><field name="NUM">30</field></block></value><next><block type="initialValue" id="^?vvO5Z?7J_#{3WcO|td"><field name="varName">Citizenship</field><value name="varVal"><block type="math_number" id="IJqSWBxs[^tscICG6tSl"><field name="NUM">20</field></block></value></block></next></block></next></block></next></block></next></block></statement></block></xml>