<xml xmlns="http://www.w3.org/1999/xhtml"><block type="controls_if" id="oUgd{3K~U[F@#aF]}ygA" x="619" y="92"><value name="IF0"><block type="logic_compare" id="~a@gT-aydG21O-1G.sjK"><field name="OP">GT</field><value name="A"><block type="singleVar" id="RTuC:_mI#d@k69q|ly)+"><field name="varName">Travel_time</field></block></value><value name="B"><block type="math_number" id="qIM#58w_X12vI;dXPueD"><field name="NUM">50</field></block></value></block></value><statement name="DO0"><block type="popup" id="[XMzb=tiZEwjnqR(]mUV"><field name="popuptext">You are exausted from travelling</field><next><block type="gameover" id="MLR/6i}9oB6st5-+BGN}"></block></next></block></statement><next><block type="controls_if" id="ETOez{6;:3ry2WX`Xpws"><value name="IF0"><block type="logic_compare" id="SGY]84u6V,#e8s,2+;Ak"><field name="OP">LT</field><value name="A"><block type="singleVar" id="q`s2Fti33NQ`{`(WyaSz"><field name="varName">Fun</field></block></value><value name="B"><block type="math_number" id="p**qk[nw*H8`_1gI,e+X"><field name="NUM">0</field></block></value></block></value><statement name="DO0"><block type="popup" id="07GfmNOcnr%LTMi;TE)c"><field name="popuptext">You got depressed.</field><next><block type="gameover" id="~+sSJxpb5P/tf}jqT.)}"></block></next></block></statement><next><block type="controls_if" id="tp;;9IpjSh`ryM;jsz8q"><value name="IF0"><block type="logic_compare" id="6O0OUDp@6Q0fd?Y%G}oH"><field name="OP">LT</field><value name="A"><block type="singleVar" id="Sx_fZ%aG)NjfCq^CC/,%"><field name="varName">Culture_and_Education</field></block></value><value name="B"><block type="math_number" id="V)UC96DJr[Vx~}@qS+mB"><field name="NUM">0</field></block></value></block></value><statement name="DO0"><block type="popup" id="~FlA8cm(N?vkICzfBEIJ"><field name="popuptext">You are becoming ignorant. You should educate yourself more.</field><next><block type="gameover" id="NRdwe[ZLf+7mf4~:1{C`"></block></next></block></statement><next><block type="controls_if" id="pPlJ%g%t-[W50#F[H!B)"><value name="IF0"><block type="logic_compare" id="Uer0NY`x=R|v|Y2E`/_p"><field name="OP">LTE</field><value name="A"><block type="singleVar" id="I57|h;3oAq+BaQt3AIb)"><field name="varName">Money</field></block></value><value name="B"><block type="math_number" id="D@Yj2%Rw=^+dxigeRH~X"><field name="NUM">0</field></block></value></block></value><statement name="DO0"><block type="popup" id="}9x()IgZNqBXvU][*nm@"><field name="popuptext">Sorry...You run out of money.</field><next><block type="gameover" id="e/o6SYK3)b(J*-~s7)AQ"></block></next></block></statement><next><block type="controls_if" id="xMaqNtjGuBY~jOLhhC~`"><value name="IF0"><block type="logic_compare" id="7uDeRF[j[J9AjsL?/v?^"><field name="OP">LT</field><value name="A"><block type="singleVar" id=".xCWqhmc{tGJZJfmku@4"><field name="varName">Citizenship</field></block></value><value name="B"><block type="math_number" id="@@.2*KH-`~SM[S?lx[h0"><field name="NUM">0</field></block></value></block></value><statement name="DO0"><block type="popup" id="Vdp=7Lt-`?uj4b*Dt,oc"><field name="popuptext">Your community has serious problems. You all should care more about others.</field><next><block type="gameover" id="f,HFALzmc*.!iHk;0__b"></block></next></block></statement></block></next></block></next></block></next></block></next></block></xml>