<xml xmlns="http://www.w3.org/1999/xhtml"><block type="controls_if" id="oUgd{3K~U[F@#aF]}ygA" x="31" y="-173"><value name="IF0"><block type="logic_compare" id="~a@gT-aydG21O-1G.sjK"><field name="OP">GT</field><value name="A"><block type="singleVar" id="RTuC:_mI#d@k69q|ly)+"><field name="varName">Travel_time</field></block></value><value name="B"><block type="math_number" id="qIM#58w_X12vI;dXPueD"><field name="NUM">20</field></block></value></block></value><statement name="DO0"><block type="popup" id="[Q+z*@b?dHC7[R=3+,rX"><field name="popuptext">You spend a lot of time travelling between places</field></block></statement><next><block type="controls_if" id="d-MP^2N,Ch9X!/n]t@/6"><value name="IF0"><block type="logic_compare" id="QN`@|yzFjkqQ65of=]kT"><field name="OP">LT</field><value name="A"><block type="singleVar" id="kJ*L^EhT*mo_3=)-vKZD"><field name="varName">Culture_and_Education</field></block></value><value name="B"><block type="math_number" id="gS7JL)pqP8-_CX2],sz}"><field name="NUM">10</field></block></value></block></value><statement name="DO0"><block type="popup" id="plA)Z-:FS7QMB0)3k#.P"><field name="popuptext">You neglect cultural life.</field></block></statement><next><block type="controls_if" id="(o|~m#W;TPYyA_d/hjYP"><value name="IF0"><block type="logic_compare" id="F=OpJ{gEf0~Zmb*xo2Hf"><field name="OP">LT</field><value name="A"><block type="singleVar" id="n`J[TC=d^hVolK_N0[y;"><field name="varName">Money</field></block></value><value name="B"><block type="math_number" id="^`bM-%|qQ1UJvt`kXSB@"><field name="NUM">10</field></block></value></block></value><statement name="DO0"><block type="popup" id="xR9D?rTS-A7NO}mhJWKo"><field name="popuptext">Be careful! You are running out of money. You can make some money by going to work!</field></block></statement><next><block type="controls_if" id=";aSX0u{B|.kvhil;!~Ck"><value name="IF0"><block type="logic_compare" id="IWXn%@G@]i%6@bWPszQ!"><field name="OP">LT</field><value name="A"><block type="singleVar" id="W{0jQx:/3;gIzv/B-1],"><field name="varName">Citizenship</field></block></value><value name="B"><block type="math_number" id="TSs@~(umD`rH=1G-X4%!"><field name="NUM">10</field></block></value></block></value><statement name="DO0"><block type="popup" id="?KIV]!(jT@:j*s#!36Yk"><field name="popuptext">You should care more about your community. Get in touch with local life!</field></block></statement><next><block type="controls_if" id="5C.dYT.F:U|*Q*p6VOI5"><value name="IF0"><block type="logic_compare" id="7/.4,go,=hd]_`{epwqj"><field name="OP">LT</field><value name="A"><block type="singleVar" id="|R2#1*5.@VrMs48R^:Tp"><field name="varName">Fun</field></block></value><value name="B"><block type="math_number" id="m5y}S!CNn^9AkzO+:7VB"><field name="NUM">10</field></block></value></block></value><statement name="DO0"><block type="popup" id="5A:OiMh#+XUxlzHG+[,C"><field name="popuptext">You deserve to have some more fun.</field></block></statement></block></next></block></next></block></next></block></next></block><block type="controls_if" id="5t={d%#ux4{^H}6jyGa/" x="806" y="-144"><value name="IF0"><block type="logic_compare" id="SPRTh,:!-?qE0RzX6V+G"><field name="OP">EQ</field><value name="A"><block type="math_modulo" id="Atpih3,Rae]ncI(*^kdF"><value name="DIVIDEND"><shadow type="math_number" id="i+zOype*(G@9l^(_Y_37"><field name="NUM">64</field></shadow><block type="movescounter" id="3EswVc7NC)J8*VRvWkdC"></block></value><value name="DIVISOR"><shadow type="math_number" id="J`:G*ut85B(j;=qXKF@q"><field name="NUM">9</field></shadow></value></block></value><value name="B"><block type="math_number" id="x*gp@MV+]g6I[,M2*-M6"><field name="NUM">0</field></block></value></block></value><statement name="DO0"><block type="popup" id="xU+)hBMpSWI#z4?HYtAz"><field name="popuptext">Everybody shops at the mall...</field></block></statement><next><block type="controls_if" id="Rt,r;Xs3s=U@XavMkuvp"><value name="IF0"><block type="logic_compare" id="S(-z,r;YdYiLHW^~5lZ4"><field name="OP">EQ</field><value name="A"><block type="math_modulo" id="MQ^-MfReY(@BN=F?cRJP"><value name="DIVIDEND"><shadow type="math_number" id="i+zOype*(G@9l^(_Y_37"><field name="NUM">64</field></shadow><block type="movescounter" id="6GDWe.F^QG@PLY58TB@;"></block></value><value name="DIVISOR"><shadow type="math_number" id="Wsf!Y3D;VdrDP]SO0vnK"><field name="NUM">8</field></shadow></value></block></value><value name="B"><block type="math_number" id="NH25N[E!aHACIaI64rmy"><field name="NUM">0</field></block></value></block></value><statement name="DO0"><block type="popup" id="gYG/^Xa~!Tq;xW?n7c6/"><field name="popuptext">Have you ever been in Allou Fun Park?</field></block></statement><next><block type="controls_if" id="ojDPb+N0.Saw|nB5!sa0"><value name="IF0"><block type="logic_compare" id="#gMt=M]9v4Jg}Ovn{z18"><field name="OP">EQ</field><value name="A"><block type="math_modulo" id="xrjwzd+J?+DN|+G4vnx-"><value name="DIVIDEND"><shadow type="math_number" id="i+zOype*(G@9l^(_Y_37"><field name="NUM">64</field></shadow><block type="movescounter" id="b_/`9|?zF+Lf6mIvO]Y4"></block></value><value name="DIVISOR"><shadow type="math_number" id=")vE6.v,O=q|udMI%Lw|S"><field name="NUM">7</field></shadow></value></block></value><value name="B"><block type="math_number" id="V7ez%tqM?6TaGF:W7akB"><field name="NUM">0</field></block></value></block></value><statement name="DO0"><block type="popup" id="|=K+`g}Ale*-w5wc/|S2"><field name="popuptext">Athens is a historical city. You live near one of the most famous sights in the world, Acropolis!</field></block></statement><next><block type="controls_if" id="8Tyh_A)1M0994bw_C%)O"><value name="IF0"><block type="logic_operation" id="efrx.XSRi-5Dc2Z=k`v0"><field name="OP">AND</field><value name="A"><block type="logic_compare" id="2=A.O]Z|c~LPSk3+[)u_"><field name="OP">GT</field><value name="A"><block type="movescounter" id="q{C;:^3mqk~m9.5+hQ3;"></block></value><value name="B"><block type="math_number" id="9w!-h5wSZ]ZekLLh_sa-"><field name="NUM">10</field></block></value></block></value><value name="B"><block type="logic_compare" id="ZD~+;yn1`jcFq(1w#}y*"><field name="OP">LT</field><value name="A"><block type="singleVar" id="Zl!rD^477f0jnXd5eSmf"><field name="varName">Citizenship</field></block></value><value name="B"><block type="math_number" id="#GR[tyBFID-2R:Mx}Std"><field name="NUM">10</field></block></value></block></value></block></value><statement name="DO0"><block type="popup" id="0QUOO~ZZBf;xJDXLBx}_"><field name="popuptext">Get in touch with local life! Caring about your community can provide you and your friends better quality of life!</field></block></statement></block></next></block></next></block></next></block></xml>