[{"id":36,"description":"Παέγια","values":{"Χρήματα":"15","Υγιεινό_Φαγητό":"2","Πελάτες_τη_μέρα":"Πελάτες_τη_μέρα+ rand (-2, 1)","Ζωικά_Προϊόντα":"-5","Λαχανικά":"-3"},"imguri":"","layers":"Main","isDummy":false,"latlng":{"lat":189.87456777981166,"lng":744.7210153528446}},{"id":39,"description":"Χωριάτικη","values":{"Χρήματα":"7","Υγιεινό_Φαγητό":"2","Πελάτες_τη_μέρα":"Πελάτες_τη_μέρα+ rand (-1, 2)","Ζωικά_Προϊόντα":"-2","Λαχανικά":"-3"},"imguri":"","layers":"Main","isDummy":false,"latlng":{"lat":190.94251240994424,"lng":82.48569947761239}},{"id":42,"description":"Hot Dog","values":{"Χρήματα":"3","Υγιεινό_Φαγητό":"-4","Πελάτες_τη_μέρα":"Πελάτες_τη_μέρα+ rand (2, 5)","Ζωικά_Προϊόντα":"-1","Λαχανικά":"-1"},"imguri":"","layers":"Main","isDummy":false,"latlng":{"lat":84.37955985422018,"lng":594.2922056182833}},{"id":45,"description":"Burger","values":{"Χρήματα":"10","Υγιεινό_Φαγητό":"-3","Πελάτες_τη_μέρα":"Πελάτες_τη_μέρα+ rand (2, 5)","Ζωικά_Προϊόντα":"-3","Λαχανικά":"-2"},"imguri":"","layers":"Main","isDummy":false,"latlng":{"lat":126.90444446315497,"lng":855.0457165166324}},{"id":48,"description":"Τοστ","values":{"Χρήματα":"2","Υγιεινό_Φαγητό":"1","Πελάτες_τη_μέρα":"Πελάτες_τη_μέρα+ rand (-2, 1)","Ζωικά_Προϊόντα":"-1","Λαχανικά":"-1"},"imguri":"","layers":"Main","isDummy":false,"latlng":{"lat":90.41017694622255,"lng":493.0518569121778}},{"id":51,"description":"Πουρές Λαχανικών","values":{"Χρήματα":"5","Υγιεινό_Φαγητό":"3","Πελάτες_τη_μέρα":"Πελάτες_τη_μέρα+ rand (-20, -1)","Ζωικά_Προϊόντα":"0","Λαχανικά":"-3"},"imguri":"","layers":"Main","isDummy":false,"latlng":{"lat":357.8412329973385,"lng":255.56002082226783}},{"id":54,"description":"Ψάρι στο φούρνο","values":{"Χρήματα":"12","Υγιεινό_Φαγητό":"5","Πελάτες_τη_μέρα":"Πελάτες_τη_μέρα+ rand (-4, -1)","Ζωικά_Προϊόντα":"-3","Λαχανικά":"-3"},"imguri":"","layers":"Main","isDummy":false,"latlng":{"lat":251.35950525950216,"lng":514.7092310402345}},{"id":57,"description":"Παγωτό","values":{"Χρήματα":"4","Υγιεινό_Φαγητό":"-1","Πελάτες_τη_μέρα":"Πελάτες_τη_μέρα+ rand (0, 3)","Ζωικά_Προϊόντα":"-2","Λαχανικά":"0"},"imguri":"","layers":"Main","isDummy":false,"latlng":{"lat":345.17286858072055,"lng":487.9111111111111}},{"id":60,"description":"Καρμπονάρα","values":{"Χρήματα":"9","Υγιεινό_Φαγητό":"-2","Πελάτες_τη_μέρα":"Πελάτες_τη_μέρα+ rand (0, 3)","Ζωικά_Προϊόντα":"-3","Λαχανικά":"-2"},"imguri":"","layers":"Main","isDummy":false,"latlng":{"lat":201.0810810810811,"lng":250.7547671294132}},{"id":63,"description":"Βιολογικά Λαχανικά","values":{"Χρήματα":"-25","Υγιεινό_Φαγητό":"2","Πελάτες_τη_μέρα":"Πελάτες_τη_μέρα+ 0","Ζωικά_Προϊόντα":"0","Λαχανικά":"4"},"imguri":"","layers":"storage","isDummy":false,"latlng":{"lat":251.8267713337416,"lng":600.5314149227797}},{"id":64,"description":"Βιολογικά Φρούτα","values":{"Χρήματα":"-20","Υγιεινό_Φαγητό":"2","Πελάτες_τη_μέρα":"Πελάτες_τη_μέρα+ 0","Ζωικά_Προϊόντα":"0","Λαχανικά":"3"},"imguri":"","layers":"storage","isDummy":false,"latlng":{"lat":274.8952998435596,"lng":721.3614760336922}},{"id":65,"description":"Φρούτα κονσέρβα","values":{"Χρήματα":"-10","Υγιεινό_Φαγητό":"-5","Πελάτες_τη_μέρα":"Πελάτες_τη_μέρα+ 0","Ζωικά_Προϊόντα":"0","Λαχανικά":"5"},"imguri":"","layers":"storage","isDummy":false,"latlng":{"lat":358.38892394241833,"lng":504.4617278745603}},{"id":66,"description":"Κατεψυγμένα ψάρια","values":{"Χρήματα":"-20","Υγιεινό_Φαγητό":"-3","Πελάτες_τη_μέρα":"Πελάτες_τη_μέρα+ 0","Ζωικά_Προϊόντα":"4","Λαχανικά":"0"},"imguri":"","layers":"storage","isDummy":false,"latlng":{"lat":343.6987738109787,"lng":146.05227272244366}},{"id":67,"description":"Διαφήμιση","values":{"Χρήματα":"-30","Υγιεινό_Φαγητό":"-5","Πελάτες_τη_μέρα":"Πελάτες_τη_μέρα+ 15","Ζωικά_Προϊόντα":"0","Λαχανικά":"0"},"imguri":"","layers":"office","isDummy":false,"latlng":{"lat":202.37202444091432,"lng":786.7062831423157}},{"id":68,"description":"Πρόσληψη Προσωπικού","values":{"Χρήματα":"-30","Υγιεινό_Φαγητό":"10","Πελάτες_τη_μέρα":"Πελάτες_τη_μέρα+ 5","Ζωικά_Προϊόντα":"0","Λαχανικά":"0"},"imguri":"","layers":"office","isDummy":false,"latlng":{"lat":271.779551903722,"lng":604.4136188789598}},{"id":69,"description":"Πήγαινε στην αποθήκη","values":{"Χρήματα":"0","Υγιεινό_Φαγητό":"0","Πελάτες_τη_μέρα":"Πελάτες_τη_μέρα+ 0","Ζωικά_Προϊόντα":"0","Λαχανικά":"0"},"imguri":"","layers":"Main","isDummy":true,"latlng":{"lat":124.3705461792644,"lng":37.4833525031716}},{"id":72,"description":"Στην κουζίνα","values":{"Χρήματα":"0","Υγιεινό_Φαγητό":"0","Πελάτες_τη_μέρα":"Πελάτες_τη_μέρα+ 0","Ζωικά_Προϊόντα":"0","Λαχανικά":"0"},"imguri":"","layers":"storage","isDummy":true,"latlng":{"lat":334.0030862426309,"lng":894.0465382221256}},{"id":73,"description":"Πήγαινε στο γραφείο","values":{"Χρήματα":"0","Υγιεινό_Φαγητό":"0","Πελάτες_τη_μέρα":"Πελάτες_τη_μέρα+ 0","Ζωικά_Προϊόντα":"0","Λαχανικά":"0"},"imguri":"","layers":"Main","isDummy":true,"latlng":{"lat":85.92672553369887,"lng":41.18449723563448}},{"id":76,"description":"Στην κουζίνα","values":{"Χρήματα":"0","Υγιεινό_Φαγητό":"0","Πελάτες_τη_μέρα":"Πελάτες_τη_μέρα+ 0","Ζωικά_Προϊόντα":"0","Λαχανικά":"0"},"imguri":"","layers":"office","isDummy":true,"latlng":{"lat":269.16008439981704,"lng":265.31183655378766}},{"id":77,"description":"Ανοιχτό όλη μέρα","values":{"Χρήματα":"20","Υγιεινό_Φαγητό":"-15","Πελάτες_τη_μέρα":"Πελάτες_τη_μέρα+ 10","Ζωικά_Προϊόντα":"0","Λαχανικά":"0"},"imguri":"","layers":"office","isDummy":false,"latlng":{"lat":336.14602799254595,"lng":107.12930504115569}},{"id":78,"description":"Προτηγανισμένες πατάτες","values":{"Χρήματα":"-7","Υγιεινό_Φαγητό":"-6","Πελάτες_τη_μέρα":"Πελάτες_τη_μέρα+ 0","Ζωικά_Προϊόντα":"0","Λαχανικά":"6"},"imguri":"","layers":"storage","isDummy":false,"latlng":{"lat":227.77444448749634,"lng":367.9614358518766}},{"id":79,"description":"Σούσι","values":{"Χρήματα":"9","Υγιεινό_Φαγητό":"1","Πελάτες_τη_μέρα":"Πελάτες_τη_μέρα+ rand (-2, 1)","Ζωικά_Προϊόντα":"-2","Λαχανικά":"-2"},"imguri":"","layers":"Main","isDummy":false,"latlng":{"lat":106.13970744493285,"lng":384.0159998813848}},{"id":82,"description":"Τηγανιτές πατάτες","values":{"Χρήματα":"5","Υγιεινό_Φαγητό":"-2","Πελάτες_τη_μέρα":"Πελάτες_τη_μέρα+ rand (1, 4)","Ζωικά_Προϊόντα":"-1","Λαχανικά":"-2"},"imguri":"","layers":"Main","isDummy":false,"latlng":{"lat":89.03278927928872,"lng":883.8282244400381}},{"id":85,"description":"Φακές","values":{"Χρήματα":"6","Υγιεινό_Φαγητό":"3","Πελάτες_τη_μέρα":"Πελάτες_τη_μέρα+ rand (-4, -1)","Ζωικά_Προϊόντα":"-1","Λαχανικά":"-2"},"imguri":"","layers":"Main","isDummy":false,"latlng":{"lat":188.3119965684147,"lng":642.3141980513656}},{"id":88,"description":"Pancakes","values":{"Χρήματα":"8","Υγιεινό_Φαγητό":"-4","Πελάτες_τη_μέρα":"Πελάτες_τη_μέρα+ rand (1, 4)","Ζωικά_Προϊόντα":"-2","Λαχανικά":"-2"},"imguri":"","layers":"Main","isDummy":false,"latlng":{"lat":110.91734432778891,"lng":287.8247241168741}},{"id":91,"description":"Αυγά με μπέικον","values":{"Χρήματα":"7","Υγιεινό_Φαγητό":"-3","Πελάτες_τη_μέρα":"Πελάτες_τη_μέρα+ rand (1, 4)","Ζωικά_Προϊόντα":"-3","Λαχανικά":"-1"},"imguri":"","layers":"Main","isDummy":false,"latlng":{"lat":224.8469824574332,"lng":590.4736223514878}},{"id":94,"description":"Φιλέτο κοτόπουλο","values":{"Χρήματα":"10","Υγιεινό_Φαγητό":"2","Πελάτες_τη_μέρα":"Πελάτες_τη_μέρα+ rand (-15, 8)","Ζωικά_Προϊόντα":"-4","Λαχανικά":"-1"},"imguri":"","layers":"Main","isDummy":false,"latlng":{"lat":216.91553655158523,"lng":740.3584774549472}},{"id":97,"description":"Λουκουμάδες","values":{"Χρήματα":"4","Υγιεινό_Φαγητό":"-5","Πελάτες_τη_μέρα":"Πελάτες_τη_μέρα+ rand (3, 6)","Ζωικά_Προϊόντα":"-2","Λαχανικά":"-2"},"imguri":"","layers":"Main","isDummy":false,"latlng":{"lat":294.0770041270057,"lng":430.82765107659156}},{"id":100,"description":"Αναβάθμιση εξοπλισμού","values":{"Χρήματα":"-40","Υγιεινό_Φαγητό":"15","Πελάτες_τη_μέρα":"Πελάτες_τη_μέρα+ 0","Ζωικά_Προϊόντα":"0","Λαχανικά":"0"},"imguri":"","layers":"office","isDummy":false,"latlng":{"lat":409.84280225795277,"lng":483.02537696616093}},{"id":101,"description":"Συντήρηση συσκευών","values":{"Χρήματα":"-20","Υγιεινό_Φαγητό":"5","Πελάτες_τη_μέρα":"Πελάτες_τη_μέρα+ 0","Ζωικά_Προϊόντα":"0","Λαχανικά":"0"},"imguri":"","layers":"office","isDummy":false,"latlng":{"lat":349.1605563520167,"lng":386.9263521185284}},{"id":102,"description":"Κρέας ελευθέρας βοσκής","values":{"Χρήματα":"-30","Υγιεινό_Φαγητό":"4","Πελάτες_τη_μέρα":"Πελάτες_τη_μέρα+ 0","Ζωικά_Προϊόντα":"3","Λαχανικά":"0"},"imguri":"","layers":"storage","isDummy":false,"latlng":{"lat":237.95002290002134,"lng":157.97280813367695}},{"id":103,"description":"Ελαιόλαδο","values":{"Χρήματα":"-15","Υγιεινό_Φαγητό":"2","Πελάτες_τη_μέρα":"Πελάτες_τη_μέρα+ 0","Ζωικά_Προϊόντα":"0","Λαχανικά":"3"},"imguri":"","layers":"storage","isDummy":false,"latlng":{"lat":402.41151392983204,"lng":614.3925824719408}},{"id":104,"description":"Φοινικέλαιο","values":{"Χρήματα":"-10","Υγιεινό_Φαγητό":"-4","Πελάτες_τη_μέρα":"Πελάτες_τη_μέρα+ 0","Ζωικά_Προϊόντα":"0","Λαχανικά":"5"},"imguri":"","layers":"storage","isDummy":false,"latlng":{"lat":304.0262099622679,"lng":618.283331977442}},{"id":105,"description":"Συσκευασμένα λαχανικά","values":{"Χρήματα":"-10","Υγιεινό_Φαγητό":"-3","Πελάτες_τη_μέρα":"Πελάτες_τη_μέρα+ 0","Ζωικά_Προϊόντα":"0","Λαχανικά":"3"},"imguri":"","layers":"storage","isDummy":false,"latlng":{"lat":302.27009662358483,"lng":370.8698020672497}},{"id":106,"description":"Κρέμα γάλακτος","values":{"Χρήματα":"-10","Υγιεινό_Φαγητό":"-3","Πελάτες_τη_μέρα":"Πελάτες_τη_μέρα+ 0","Ζωικά_Προϊόντα":"2","Λαχανικά":"0"},"imguri":"","layers":"storage","isDummy":false,"latlng":{"lat":385.74743849047593,"lng":380.6309182386866}},{"id":107,"description":"Μπριαμ","values":{"Χρήματα":"11","Υγιεινό_Φαγητό":"5","Πελάτες_τη_μέρα":"Πελάτες_τη_μέρα+ rand (-5, -2)","Ζωικά_Προϊόντα":"-2","Λαχανικά":"-3"},"imguri":"","layers":"Main","isDummy":false,"latlng":{"lat":243.3476216906468,"lng":146.35381872273388}},{"id":110,"description":"Γαλοπούλα","values":{"Χρήματα":"12","Υγιεινό_Φαγητό":"4","Πελάτες_τη_μέρα":"Πελάτες_τη_μέρα+ rand (-5, -2)","Ζωικά_Προϊόντα":"-4","Λαχανικά":"-2"},"imguri":"","layers":"Main","isDummy":false,"latlng":{"lat":136.0158380449134,"lng":727.8542720068244}},{"id":113,"description":"Μουσακάς","values":{"Χρήματα":"9","Υγιεινό_Φαγητό":"3","Πελάτες_τη_μέρα":"Πελάτες_τη_μέρα+ rand (-30, 9)","Ζωικά_Προϊόντα":"-2","Λαχανικά":"-3"},"imguri":"","layers":"Main","isDummy":false,"latlng":{"lat":129.2828725341593,"lng":586.6958601863001}}]