[{"id":237,"description":"ΝΕΡΟ","values":{"ΔΙΑΘΕΣΙΜΑ_ΕΥΡΩ":{"type":"plus","num":"-4"},"ΤΙΜΗ":"ΤΕΣΣΕΡΑ ΕΥΡΩ","ΣΥΝΟΛΟ_ΤΕΜΑΧΙΩΝ":"6","ΤΕΜΑΧΙΑ":"ΕΞΙ ΤΕΜΑΧΙΑ","ΥΓΕΙΑ":"2","ΕΥΧΑΡΙΣΤΗΣΗ":"-2"},"imguri":"","layers":"Main","isDummy":false,"latlng":{"lat":367.38269909419665,"lng":863.3262044484015}},{"id":240,"description":"ΑΥΓΑ","values":{"ΔΙΑΘΕΣΙΜΑ_ΕΥΡΩ":{"type":"plus","num":"-4"},"ΤΙΜΗ":"ΤΟ ΜΙΣΟ ΤΗΣ ΤΙΜΗΣ ΤΟΥ ΧΥΜΟΥ","ΣΥΝΟΛΟ_ΤΕΜΑΧΙΩΝ":"4","ΤΕΜΑΧΙΑ":"ΤΕΣΣΕΡΑ ΤΕΜΑΧΙΑ","ΥΓΕΙΑ":"2","ΕΥΧΑΡΙΣΤΗΣΗ":"-1"},"imguri":"","layers":"Main","isDummy":false,"latlng":{"lat":297.5339840759456,"lng":596.8857763449042}},{"id":243,"description":"ΑΝΑΨΥΚΤΙΚΑ","values":{"ΔΙΑΘΕΣΙΜΑ_ΕΥΡΩ":{"type":"plus","num":"-5"},"ΤΙΜΗ":"ΠΕΝΤΕ ΕΥΡΩ","ΣΥΝΟΛΟ_ΤΕΜΑΧΙΩΝ":"10","ΤΕΜΑΧΙΑ":"ΠΕΝΤΕ ΦΟΡΕΣ ΠΕΡΙΣΣΟΤΕΡΑ ΤΕΜΑΧΙΑ ΑΠΟ ΤΑ ΛΕΜΟΝΙΑ","ΥΓΕΙΑ":"-5","ΕΥΧΑΡΙΣΤΗΣΗ":"5"},"imguri":"","layers":"Main","isDummy":false,"latlng":{"lat":173.8424209120941,"lng":724.8806030434914}},{"id":246,"description":"ΤΥΡΙ","values":{"ΔΙΑΘΕΣΙΜΑ_ΕΥΡΩ":{"type":"plus","num":"-12"},"ΤΙΜΗ":"ΔΩΔΕΚΑ ΕΥΡΩ","ΣΥΝΟΛΟ_ΤΕΜΑΧΙΩΝ":"2","ΤΕΜΑΧΙΑ":"ΤΟ ΕΝΑ ΤΡΙΤΟ ΑΠΟ ΤΑ ΠΑΤΑΤΑΚΙΑ","ΥΓΕΙΑ":"2","ΕΥΧΑΡΙΣΤΗΣΗ":"-1"},"imguri":"","layers":"Main","isDummy":false,"latlng":{"lat":304,"lng":671.3573363992325}},{"id":249,"description":"ΜΠΙΣΚΟΤΑ","values":{"ΔΙΑΘΕΣΙΜΑ_ΕΥΡΩ":{"type":"plus","num":"-2"},"ΤΙΜΗ":"ΔΥΟ ΕΥΡΩ","ΣΥΝΟΛΟ_ΤΕΜΑΧΙΩΝ":"3","ΤΕΜΑΧΙΑ":"ΤΡΙΑ ΤΕΜΑΧΙΑ ΤΕΜΑΧΙΑ","ΥΓΕΙΑ":"-4","ΕΥΧΑΡΙΣΤΗΣΗ":"5"},"imguri":"","layers":"Main","isDummy":false,"latlng":{"lat":116.25046802782055,"lng":468.8255676072572}},{"id":252,"description":"ΛΕΜΟΝΙΑ","values":{"ΔΙΑΘΕΣΙΜΑ_ΕΥΡΩ":{"type":"plus","num":"-4"},"ΤΙΜΗ":"ΔΥΟ ΦΟΡΕΣ ΠΙΟ ΑΚΡΙΒΑ ΑΠΟ ΤΑ ΜΗΛΑ","ΣΥΝΟΛΟ_ΤΕΜΑΧΙΩΝ":"2","ΤΕΜΑΧΙΑ":"ΔΥΟ ΤΕΜΑΧΙΑ","ΥΓΕΙΑ":"3","ΕΥΧΑΡΙΣΤΗΣΗ":"-4"},"imguri":"","layers":"Main","isDummy":false,"latlng":{"lat":81.08720038812515,"lng":838.9828735686903}},{"id":255,"description":"ΧΥΜΟΣ","values":{"ΔΙΑΘΕΣΙΜΑ_ΕΥΡΩ":{"type":"plus","num":"-8"},"ΤΙΜΗ":"ΟΚΤΩ ΕΥΡΩ","ΣΥΝΟΛΟ_ΤΕΜΑΧΙΩΝ":"4","ΤΕΜΑΧΙΑ":"ΤΕΣΣΕΡΑ ΤΕΜΑΧΙΑ","ΥΓΕΙΑ":"4","ΕΥΧΑΡΙΣΤΗΣΗ":"-3"},"imguri":"","layers":"Main","isDummy":false,"latlng":{"lat":237.66420369533657,"lng":664.6340087832045}},{"id":258,"description":"ΓΑΛΑ","values":{"ΔΙΑΘΕΣΙΜΑ_ΕΥΡΩ":{"type":"plus","num":"-6"},"ΤΙΜΗ":"ΤΟ ΜΙΣΟ ΤΗΣ ΤΙΜΗΣ ΤΟΥ ΤΥΡΙΟΥ","ΣΥΝΟΛΟ_ΤΕΜΑΧΙΩΝ":"3","ΤΕΜΑΧΙΑ":"ΤΡΙΑ ΤΕΜΑΧΙΑ","ΥΓΕΙΑ":"2","ΕΥΧΑΡΙΣΤΗΣΗ":"-1"},"imguri":"","layers":"Main","isDummy":false,"latlng":{"lat":345.27967464609077,"lng":544.439743106794}},{"id":261,"description":"ΠΑΤΑΤΑΚΙΑ","values":{"ΔΙΑΘΕΣΙΜΑ_ΕΥΡΩ":{"type":"plus","num":"-4"},"ΤΙΜΗ":"ΤΕΣΣΕΡΑ ΕΥΡ","ΣΥΝΟΛΟ_ΤΕΜΑΧΙΩΝ":"6","ΤΕΜΑΧΙΑ":"ΔΥΟ ΦΟΡΕΣ ΠΕΡΙΣΣΟΤΕΡΑ ΑΠΟ ΤΟ ΓΑΛΑ","ΥΓΕΙΑ":"-3","ΕΥΧΑΡΙΣΤΗΣΗ":"3"},"imguri":"","layers":"Main","isDummy":false,"latlng":{"lat":90.25052901957662,"lng":555.2723449751904}},{"id":264,"description":"ΨΩΜΙ","values":{"ΔΙΑΘΕΣΙΜΑ_ΕΥΡΩ":{"type":"plus","num":"-6"},"ΤΙΜΗ":"ΤΡΕΙΣ ΦΟΡΕΣ ΠΙΟ ΑΚΡΙΒΟ ΑΠΟ ΤΙΣ ΠΑΤΑΤΕΣ","ΣΥΝΟΛΟ_ΤΕΜΑΧΙΩΝ":"6","ΤΕΜΑΧΙΑ":"ΕΞΙ ΤΕΜΑΧΙΑ","ΥΓΕΙΑ":"3","ΕΥΧΑΡΙΣΤΗΣΗ":"-2"},"imguri":"","layers":"Main","isDummy":false,"latlng":{"lat":221.60565023260014,"lng":410.47962701969794}},{"id":267,"description":"ΚΕΪΚ","values":{"ΔΙΑΘΕΣΙΜΑ_ΕΥΡΩ":{"type":"plus","num":"-4"},"ΤΙΜΗ":" ΤΕΣΣΕΡΑ ΕΥΡΩ","ΣΥΝΟΛΟ_ΤΕΜΑΧΙΩΝ":"8","ΤΕΜΑΧΙΑ":"ΟΚΤΩ ΦΟΡΕΣ ΠΕΡΙΣΣΟΤΕΡΑ ΤΕΜΑΧΙΑ ΑΠΟ ΤΙΣ ΜΠΡΙΖΟΛΕΣ","ΥΓΕΙΑ":"-5","ΕΥΧΑΡΙΣΤΗΣΗ":"5"},"imguri":"","layers":"Main","isDummy":false,"latlng":{"lat":106.05887961268962,"lng":262.75345154066713}},{"id":270,"description":"ΜΠΡΟΚΟΛΟ","values":{"ΔΙΑΘΕΣΙΜΑ_ΕΥΡΩ":{"type":"plus","num":"-7"},"ΤΙΜΗ":"ΕΠΤΑ ΕΥΡΩ","ΣΥΝΟΛΟ_ΤΕΜΑΧΙΩΝ":"2","ΤΕΜΑΧΙΑ":"ΔΥΟ ΤΕΜΑΧΙΑ","ΥΓΕΙΑ":"2","ΕΥΧΑΡΙΣΤΗΣΗ":"-3"},"imguri":"","layers":"Main","isDummy":false,"latlng":{"lat":352.0056885517895,"lng":262.834191890851}},{"id":273,"description":"ΜΠΑΝΑΝΕΣ","values":{"ΔΙΑΘΕΣΙΜΑ_ΕΥΡΩ":{"type":"plus","num":"-8"},"ΤΙΜΗ":"ΤΕΣΣΕΡΙΣ ΦΟΡΕΣ ΠΙΟ ΑΚΡΙΒΕΣ ΑΠΟ ΤΙΣ ΠΑΤΑΤΕΣ","ΣΥΝΟΛΟ_ΤΕΜΑΧΙΩΝ":"2","ΤΕΜΑΧΙΑ":"ΔΥΟ ΤΕΜΑΧΙΑ","ΥΓΕΙΑ":"2","ΕΥΧΑΡΙΣΤΗΣΗ":"-2"},"imguri":"","layers":"Main","isDummy":false,"latlng":{"lat":211.76853073058635,"lng":894.621118158768}},{"id":276,"description":"ΜΗΛΑ","values":{"ΔΙΑΘΕΣΙΜΑ_ΕΥΡΩ":{"type":"plus","num":"-2"},"ΤΙΜΗ":"ΔΥΟ ΕΥΡΩ","ΣΥΝΟΛΟ_ΤΕΜΑΧΙΩΝ":"4","ΤΕΜΑΧΙΑ":"ΤΕΣΣΕΡΙΣ ΦΟΡΕΣ ΠΕΡΙΣΣΟΤΕΡΑ ΤΕΜΑΧΙΑ ΑΠΟ ΤΟ ΜΕΛΙ","ΥΓΕΙΑ":"5","ΕΥΧΑΡΙΣΤΗΣΗ":"-3"},"imguri":"","layers":"Main","isDummy":false,"latlng":{"lat":228.4194242193055,"lng":811.701843241967}},{"id":279,"description":"ΜΠΡΙΖΟΛΕΣ","values":{"ΔΙΑΘΕΣΙΜΑ_ΕΥΡΩ":{"type":"plus","num":"-9"},"ΤΙΜΗ":"ΕΝΝΕΑ ΕΥΡΩ","ΣΥΝΟΛΟ_ΤΕΜΑΧΙΩΝ":"1","ΤΕΜΑΧΙΑ":"ΕΝΑ ΤΕΜΑΧΙΟ","ΥΓΕΙΑ":"-2","ΕΥΧΑΡΙΣΤΗΣΗ":"4"},"imguri":"","layers":"Main","isDummy":false,"latlng":{"lat":326.2295198152434,"lng":368.6855523585374}},{"id":282,"description":"ΜΠΕΪΚΟΝ","values":{"ΔΙΑΘΕΣΙΜΑ_ΕΥΡΩ":{"type":"plus","num":"-5"},"ΤΙΜΗ":"ΠΕΝΤΕ ΕΥΡΩ","ΣΥΝΟΛΟ_ΤΕΜΑΧΙΩΝ":"2","ΤΕΜΑΧΙΑ":"ΔΥΟ ΤΕΜΑΧΙΑ","ΥΓΕΙΑ":"-3","ΕΥΧΑΡΙΣΤΗΣΗ":"2"},"imguri":"","layers":"Main","isDummy":false,"latlng":{"lat":297.2917766431158,"lng":442.09246751358404}},{"id":285,"description":"ΓΙΑΟΥΡΤΙ","values":{"ΔΙΑΘΕΣΙΜΑ_ΕΥΡΩ":{"type":"plus","num":"-7"},"ΤΙΜΗ":"ΕΠΤΑ ΕΥΡΩ","ΣΥΝΟΛΟ_ΤΕΜΑΧΙΩΝ":"3","ΤΕΜΑΧΙΑ":"ΤΡΙΑ ΤΕΜΑΧΙΑ","ΥΓΕΙΑ":"2","ΕΥΧΑΡΙΣΤΗΣΗ":"-1"},"imguri":"","layers":"Main","isDummy":false,"latlng":{"lat":309.7154006614423,"lng":745.6168823518944}},{"id":288,"description":"DONUTS","values":{"ΔΙΑΘΕΣΙΜΑ_ΕΥΡΩ":{"type":"plus","num":"-10"},"ΤΙΜΗ":"ΠΕΝΤΕ ΦΟΡΕΣ ΠΙΟ ΑΚΡΙΒΑ ΑΠΟ ΤΑ ΜΗΛΑ","ΣΥΝΟΛΟ_ΤΕΜΑΧΙΩΝ":"5","ΤΕΜΑΧΙΑ":"ΠΕΝΤΕ ΤΕΜΑΧΙΑ","ΥΓΕΙΑ":"-5","ΕΥΧΑΡΙΣΤΗΣΗ":"5"},"imguri":"","layers":"Main","isDummy":false,"latlng":{"lat":101.52947030222282,"lng":121.85139465708426}},{"id":291,"description":"ΠΑΤΑΤΕΣ","values":{"ΔΙΑΘΕΣΙΜΑ_ΕΥΡΩ":{"type":"plus","num":"-2"},"ΤΙΜΗ":"ΔΥΟ ΕΥΡΩ","ΣΥΝΟΛΟ_ΤΕΜΑΧΙΩΝ":"3","ΤΕΜΑΧΙΑ":"ΤΡΕΙΣ ΦΟΡΕΣ ΠΕΡΙΣΣΟΤΕΡΑ ΤΕΜΑΧΙΑ ΑΠΟ ΤΙΣ ΜΠΡΙΖΟΛΕΣ","ΥΓΕΙΑ":"3","ΕΥΧΑΡΙΣΤΗΣΗ":"-2"},"imguri":"","layers":"Main","isDummy":false,"latlng":{"lat":87.72118070086583,"lng":665.8891662591466}},{"id":294,"description":"ΜΑΡΟΥΛΙ","values":{"ΔΙΑΘΕΣΙΜΑ_ΕΥΡΩ":{"type":"plus","num":"-3"},"ΤΙΜΗ":"ΤΡΙΑ ΕΥΡΩ","ΣΥΝΟΛΟ_ΤΕΜΑΧΙΩΝ":"4","ΤΕΜΑΧΙΑ":"ΔΥΟ ΦΟΡΕΣ ΠΕΡΙΣΣΟΤΕΡΑ ΤΕΜΑΧΙΑ ΑΠΟ ΤΙΣ ΜΠΑΝΑΝΕΣ","ΥΓΕΙΑ":"4","ΕΥΧΑΡΙΣΤΗΣΗ":"-3"},"imguri":"","layers":"Main","isDummy":false,"latlng":{"lat":124.75727561051937,"lng":729.8977294748013}},{"id":297,"description":"ΜΑΓΙΟΝΕΖΑ","values":{"ΔΙΑΘΕΣΙΜΑ_ΕΥΡΩ":{"type":"plus","num":"-4"},"ΤΙΜΗ":"ΔΥΟ ΦΟΡΕΣ ΠΙΟ ΑΚΡΙΒΗ ΑΠΟ ΤΑ ΜΗΛΑ","ΣΥΝΟΛΟ_ΤΕΜΑΧΙΩΝ":"2","ΤΕΜΑΧΙΑ":"ΔΥΟ ΤΕΜΑΧΙΑ","ΥΓΕΙΑ":"-1","ΕΥΧΑΡΙΣΤΗΣΗ":"1"},"imguri":"","layers":"Main","isDummy":false,"latlng":{"lat":364.8026772892625,"lng":112.75345154066713}},{"id":300,"description":"ΜΕΛΙ","values":{"ΔΙΑΘΕΣΙΜΑ_ΕΥΡΩ":{"type":"plus","num":"-9"},"ΤΙΜΗ":"ΤΡΕΙΣ ΦΟΡΕΣ ΠΙΟ ΑΚΡΙΒΟ ΑΠΟ ΤΟ ΜΑΡΟΥΛΙ","ΣΥΝΟΛΟ_ΤΕΜΑΧΙΩΝ":"1","ΤΕΜΑΧΙΑ":"ΕΝΑ ΤΕΜΑΧΙΟ","ΥΓΕΙΑ":"2","ΕΥΧΑΡΙΣΤΗΣΗ":"-1"},"imguri":"","layers":"Main","isDummy":false,"latlng":{"lat":186.91833568427427,"lng":301.18729248320994}},{"id":303,"description":"ΚΟΝΣΕΡΒΑ","values":{"ΔΙΑΘΕΣΙΜΑ_ΕΥΡΩ":{"type":"plus","num":"-7"},"ΤΙΜΗ":"ΕΠΤΑ ΕΥΡΩ","ΣΥΝΟΛΟ_ΤΕΜΑΧΙΩΝ":"4","ΤΕΜΑΧΙΑ":"ΤΕΣΣΕΡΑ ΤΕΜΑΧΙΑ","ΥΓΕΙΑ":"-5","ΕΥΧΑΡΙΣΤΗΣΗ":"1"},"imguri":"","layers":"Main","isDummy":false,"latlng":{"lat":192.48348113939616,"lng":565.2232406054219}},{"id":306,"description":"ΜΑΡΜΕΛΑΔΑ","values":{"ΔΙΑΘΕΣΙΜΑ_ΕΥΡΩ":{"type":"plus","num":"-5"},"ΤΙΜΗ":"ΠΕΝΤΕ ΕΥΡΩ","ΣΥΝΟΛΟ_ΤΕΜΑΧΙΩΝ":"2","ΤΕΜΑΧΙΑ":"ΔΥΟ ΦΟΡΕΣ ΠΕΡΙΣΣΟΤΕΡΑ ΤΕΜΑΧΙΑ ΑΠΟ ΤΟ ΜΕΛΙ","ΥΓΕΙΑ":"1","ΕΥΧΑΡΙΣΤΗΣΗ":"-1"},"imguri":"","layers":"Main","isDummy":false,"latlng":{"lat":218.41936322754947,"lng":237.5661590574573}},{"id":309,"description":"ΣΟΚΟΛΑΤΑ","values":{"ΔΙΑΘΕΣΙΜΑ_ΕΥΡΩ":{"type":"plus","num":"-6"},"ΤΙΜΗ":"ΕΠΤΑ ΕΥΡΩ","ΣΥΝΟΛΟ_ΤΕΜΑΧΙΩΝ":"7","ΤΕΜΑΧΙΑ":"ΕΠΤΑ ΦΟΡΕΣ ΠΕΡΙΣΣΟΤΕΡΑ ΤΕΜΑΧΙΑ ΑΠΟ ΤΟ ΜΕΛΙ","ΥΓΕΙΑ":"-5","ΕΥΧΑΡΙΣΤΗΣΗ":"4"},"imguri":"","layers":"Main","isDummy":false,"latlng":{"lat":131.12341728129073,"lng":375.1958556988649}},{"id":312,"description":"**ΜΙΣΘΟΣ**","values":{"ΔΙΑΘΕΣΙΜΑ_ΕΥΡΩ":{"type":"rand","from":"15","to":"25"},"ΤΙΜΗ":"0","ΣΥΝΟΛΟ_ΤΕΜΑΧΙΩΝ":"0","ΤΕΜΑΧΙΑ":"0","ΥΓΕΙΑ":"0","ΕΥΧΑΡΙΣΤΗΣΗ":"0"},"imguri":"","layers":"Main","isDummy":false,"latlng":{"lat":402.5976719319411,"lng":441.8977600087708}}]