<xml xmlns="http://www.w3.org/1999/xhtml"><block type="controls_if" id="gUEya}G;.2k7}nZM^Q~;" x="-435" y="-1027"><value name="IF0"><block type="logic_compare" id="NwuVc@}VwK9wXKI~TpjL"><field name="OP">LTE</field><value name="A"><block type="singleVar" id="a7kq9S[k4%vROnZBMbm8"><field name="varName">ΔΙΑΘΕΣΙΜΑ_ΕΥΡΩ</field></block></value><value name="B"><block type="math_number" id="4=2oZh]~)1qC{z-F7LP:"><field name="NUM">0</field></block></value></block></value><statement name="DO0"><block type="popup" id="XimxJcj*G~siv,DTxbZx"><field name="popuptext">Έχασες! Σου τελείωσαν τα χρήματα! Ξαναπροσπάθησε!</field><next><block type="sound" id="`v-TFy^Ar8fcK%:cDLf#"><field name="NAME">lose</field><next><block type="gameover" id="GW=]{f:FaCw)Z0RYD~Q%"></block></next></block></next></block></statement><next><block type="controls_if" id="uZX5]3ZTXdnNm~,_VW^G"><value name="IF0"><block type="logic_compare" id=";ul)@GN6do3~MTf,?EXg"><field name="OP">LT</field><value name="A"><block type="singleVar" id="wr4Ng+)pj8H-2s5|f0wu"><field name="varName">ΥΓΕΙΑ</field></block></value><value name="B"><block type="math_number" id="zv0m9v#k`JaW@d@az-[]"><field name="NUM">0</field></block></value></block></value><statement name="DO0"><block type="popup" id="%3oM07MmlU9XGD;5]CSN"><field name="popuptext">Έχασες! Δεν πρόσεξες την υγεία σου! Ξαναπροσπάθησε!</field><next><block type="sound" id="of-h:bpCz}x#NxX/mX^V"><field name="NAME">lose</field><next><block type="gameover" id="1xA-s-j1q`jR8rx]#VwB"></block></next></block></next></block></statement><next><block type="controls_if" id="DwO8JdPYV;){0iGUZC`!"><value name="IF0"><block type="logic_compare" id="S}@.YMB5|-:L4-mxR.pc"><field name="OP">LT</field><value name="A"><block type="singleVar" id="R}U8[V5~b%y-5WEHJw6_"><field name="varName">ΕΥΧΑΡΙΣΤΗΣΗ</field></block></value><value name="B"><block type="math_number" id="adAPDg46Y`}f-Pr3ySlm"><field name="NUM">0</field></block></value></block></value><statement name="DO0"><block type="popup" id="Z[/XfYj@n(G9zuvtc)|s"><field name="popuptext">Έχασες! Δεν είσαι ευχαριστημένος από τα ψώνια σου! Ξαναπροσπάθησε!</field><next><block type="sound" id="3+VfXR.urL~Dz|Wwey=~"><field name="NAME">lose</field><next><block type="gameover" id="nWpf1a+GRyAaiv,al3L@"></block></next></block></next></block></statement></block></next></block></next></block></xml>