<xml xmlns="http://www.w3.org/1999/xhtml"><block type="initialvalues" id="7%pi|u/wU`(M`t7@0~7Z" x="247" y="147"><statement name="Initial Values"><block type="show_all" id="scII8KS{pz;jmSEfB#s{"><next><block type="initialValue" id="fEs];Gcx,Tt|x1?rodg]"><field name="varName">ΔΙΑΘΕΣΙΜΑ_ΕΥΡΩ</field><value name="varVal"><block type="math_number" id="uQv~gW9dQlSfb20yyA[G"><field name="NUM">100</field></block></value><next><block type="initialValue" id="5NsuKgZk5Hi/md(GHDa0"><field name="varName">ΥΓΕΙΑ</field><value name="varVal"><block type="math_number" id="3@A{OJvhP{OGrL3!GnMU"><field name="NUM">15</field></block></value><next><block type="initialValue" id="enK}%1ZBnqNKi+2neSQa"><field name="varName">ΕΥΧΑΡΙΣΤΗΣΗ</field><value name="varVal"><block type="math_number" id="FD/:X_Hv4AJ@fbVydur4"><field name="NUM">15</field></block></value><next><block type="initialValue" id="g=/C.{t,N%!.{|P?w!1G"><field name="varName">ΣΥΝΟΛΟ_ΤΕΜΑΧΙΩΝ</field><value name="varVal"><block type="math_number" id="_SIh{~r3tjzJ7#-.4pXB"><field name="NUM">0</field></block></value><next><block type="hide_point" id="bs%|/Akob[:g01O[ymMN"><field name="pointsNames">**ΜΙΣΘΟΣ**</field></block></next></block></next></block></next></block></next></block></next></block></statement></block></xml>