[{"id":"25","description":"Club","values":["-30","-100","-1","50","55","0"],"imguri":"","latlng":{"lat":75,"lng":59}},{"id":"30","description":"Airport","values":["20","-100","1","100","50","1"],"imguri":"","latlng":{"lat":98.5,"lng":113.5}},{"id":"32","description":"Library","values":["-50","0","1","5","20","-1"],"imguri":"","latlng":{"lat":-73.5,"lng":-151}},{"id":"34","description":"Football Field","values":["-50","-50","-2","30","25","2"],"imguri":"","latlng":{"lat":86.5,"lng":-66}},{"id":"36","description":"Information Office","values":["-2","0","1","0","0","1"],"imguri":"","latlng":{"lat":87,"lng":-149.5}},{"id":"38","description":"Restaurant","values":["-5","-60","1","45","10","1"],"imguri":"","latlng":{"lat":14,"lng":78}},{"id":"40","description":"Doctor","values":["-5","-30","2","0","0","3"],"imguri":"","latlng":{"lat":48,"lng":59}},{"id":"42","description":"Cafe","values":["10","-5","1","10","20","-1"],"imguri":"","latlng":{"lat":5.5,"lng":-30}},{"id":"44","description":"Cinema","values":["2","-30","-1","55","5","1"],"imguri":"","latlng":{"lat":44,"lng":-26}},{"id":"46","description":"Fun Park","values":["-30","-50","-1","60","40","1"],"imguri":"","latlng":{"lat":41.5,"lng":114.5}},{"id":"48","description":"Music Theater","values":["-5","-85","1","45","0","1"],"imguri":"","latlng":{"lat":65,"lng":-36}},{"id":"50","description":"Carpentry","values":["0","-500","1","0","0","1"],"imguri":"","latlng":{"lat":-53,"lng":42}},{"id":"52","description":"Train Station","values":["-25","-100","-1","0","0","1"],"imguri":"","latlng":{"lat":16,"lng":-140}},{"id":"54","description":"Home","values":["75","0","2","0","0","1"],"imguri":"","latlng":{"lat":-84,"lng":0.5}},{"id":"56","description":"Fast Food","values":["","-14","1","0","5","1"],"imguri":"","latlng":{"lat":45.5,"lng":-96.5}},{"id":"58","description":"Bakery","values":["0","-5","1","0","0","1"],"imguri":"","latlng":{"lat":-29,"lng":-156.5}},{"id":"60","description":"Chemical Laboratory","values":["-80","1000","-1","-35","10","1"],"imguri":"","latlng":{"lat":-26.5,"lng":1.5}}]