<xml xmlns="http://www.w3.org/1999/xhtml"><block type="initialvalues" id="+-yi*_Y?Z)fc*+9YUyh," x="19" y="17"><statement name="Initial Values"><block type="initialValue" id="id1"><field name="varName">Energy</field><value name="varVal"><block type="math_number" id="var1"><field name="NUM">50</field></block></value><next><block type="initialValue" id="id2"><field name="varName">Money</field><value name="varVal"><block type="math_number" id="var2"><field name="NUM">500</field></block></value><next><block type="initialValue" id="{h0*e(7!W0}5HyjCaF=H"><field name="varName">Hygine</field><value name="varVal"><block type="math_number" id="*/!k_=i*s)A09Zf@gXd["><field name="NUM">3</field></block></value><next><block type="initialValue" id="gqzWrc+lDUX/+rNK!Y*m"><field name="varName">Fun</field><value name="varVal"><block type="math_number" id="fv#B-TY:;P#6;b?ov^f+"><field name="NUM">50</field></block></value><next><block type="initialValue" id="`QJ^9__y{ZQLH+((hufK"><field name="varName">Social</field><value name="varVal"><block type="math_number" id="k4FfW8H,VH(FrcY%jO4R"><field name="NUM">50</field></block></value><next><block type="initialValue" id="d=dk,ov8FAlx_8u*wm3x"><field name="varName">Health</field><value name="varVal"><block type="math_number" id="cBACoMOwN6BkpvH]kYU-"><field name="NUM">2</field></block></value></block></next></block></next></block></next></block></next></block></next></block></statement></block></xml>