<xml xmlns="http://www.w3.org/1999/xhtml"><block type="controls_if" id="oUgd{3K~U[F@#aF]}ygA" x="166" y="-42"><value name="IF0"><block type="logic_compare" id="~a@gT-aydG21O-1G.sjK"><field name="OP">LT</field><value name="A"><block type="singleVar" id="RTuC:_mI#d@k69q|ly)+"><field name="varName">Energy</field></block></value><value name="B"><block type="math_number" id="qIM#58w_X12vI;dXPueD"><field name="NUM">0</field></block></value></block></value><statement name="DO0"><block type="popup" id="/c5MOp_YMf/^sG)Cr__?"><field name="popuptext">Game Over! Your energy is too low ! Try again!</field><next><block type="gameover" id="w*c`.^2u!S7c8lciV2bw"></block></next></block></statement><next><block type="controls_if" id="a(l?NobV6(vbS[G=!MSD"><value name="IF0"><block type="logic_compare" id=")#(wUQSJX%z[}})(@+cc"><field name="OP">LT</field><value name="A"><block type="singleVar" id="I^)RLXG|rIbk,Hu@{l,r"><field name="varName">Money</field></block></value><value name="B"><block type="math_number" id="0i9Ad_~]n%_=X8=b+=qj"><field name="NUM">0</field></block></value></block></value><statement name="DO0"><block type="popup" id="5^XDH}jzHv*ZZLF_?+9t"><field name="popuptext">Game Over! You have no money left ! Try again!</field><next><block type="gameover" id="TZOgPoE8,-8i%7wsj=~t"></block></next></block></statement><next><block type="controls_if" id="X[xQf)]!/gXdm1U0]~YU"><value name="IF0"><block type="logic_compare" id="d`d^[!@HA){7)g^0upBL"><field name="OP">LT</field><value name="A"><block type="singleVar" id="-}RR~z)Y{g3;g}~Q=HZ7"><field name="varName">Hygine</field></block></value><value name="B"><block type="math_number" id="PghT[P-kMCAWBBbYTE6k"><field name="NUM">-3</field></block></value></block></value><statement name="DO0"><block type="popup" id="|bSIn.!owk(jd1F)#%r7"><field name="popuptext">Game Over! You should take a bath! </field><next><block type="gameover" id="!GZoptNH}h?8}_vJ;bKg"></block></next></block></statement><next><block type="controls_if" id="c[meRWkt|?Sg_ZO6aks{"><value name="IF0"><block type="logic_compare" id="y-,}ZmfD=p_%[ja]wGCl"><field name="OP">LT</field><value name="A"><block type="singleVar" id="70Ep_8]%`zYj`5{MCv_F"><field name="varName">Fun</field></block></value><value name="B"><block type="math_number" id="Q!T3;N6MNYD]7WrI74~`"><field name="NUM">0</field></block></value></block></value><statement name="DO0"><block type="popup" id="KpkI;^8CxlACp#vg?xMu"><field name="popuptext">Game Over! You can't play without having any fun! </field><next><block type="gameover" id="ZBA.aN^Dln@VVtjKj_?;"></block></next></block></statement><next><block type="controls_if" id="dI(ZOMPS[vL[:|sT98%@"><value name="IF0"><block type="logic_compare" id="bA|]1.#ZtV)J0oW1RT]["><field name="OP">LT</field><value name="A"><block type="singleVar" id=",#r?y!}y:qXPQkc]Me~%"><field name="varName">Social</field></block></value><value name="B"><block type="math_number" id="z1u|7H`-o^ev,V+7rrlS"><field name="NUM">0</field></block></value></block></value><statement name="DO0"><block type="popup" id="]aXPHei-alB?Pf{,PXBg"><field name="popuptext">Game Over! Your social level is too low! Try again!</field><next><block type="gameover" id="EMfOF{HssPb^_0p}*-Z!"></block></next></block></statement><next><block type="controls_if" id="~u}VTnA:`f2VpyG+UL+F"><value name="IF0"><block type="logic_compare" id="D,Pi25n}`7d.92D{0:,a"><field name="OP">LT</field><value name="A"><block type="singleVar" id="(14Ld)%7nmf8L*8^a:(3"><field name="varName">Health</field></block></value><value name="B"><block type="math_number" id="rO^/X-g:fRH.DO~cL/4R"><field name="NUM">0</field></block></value></block></value><statement name="DO0"><block type="popup" id="5[b_D938N:6yOMI6@.hO"><field name="popuptext">Game Over! You are in a very bad health! Try again! </field><next><block type="gameover" id="F5m[l^?5..6Z#-oIwqFX"></block></next></block></statement></block></next></block></next></block></next></block></next></block></next></block></xml>