<xml xmlns="http://www.w3.org/1999/xhtml"><block type="controls_if" id="2aMTa-^#@w/c!++E)hH?" x="276" y="13"><value name="IF0"><block type="logic_compare" id="Oc%L_9(XI-skcT((jxJx"><field name="OP">LT</field><value name="A"><block type="singleVar" id=";dk}`UE5f}U}qcu]os%L"><field name="varName">Social</field></block></value><value name="B"><block type="math_number" id="+U3e/nNyxfJ#(=+_YILO"><field name="NUM">10</field></block></value></block></value><statement name="DO0"><block type="popup" id=")}akfAvYep0bjmA@-B-["><field name="popuptext">You don't have any friends!</field></block></statement><next><block type="controls_if" id="j}qCk1^%CJR1fHRz:g}x"><value name="IF0"><block type="logic_compare" id="BTOjO7UDb!ibdw~biKH|"><field name="OP">LT</field><value name="A"><block type="singleVar" id=",m[~51GPR?{eaxM1|Efw"><field name="varName">Fun</field></block></value><value name="B"><block type="math_number" id="QSMb@L|z5C+YQ0Pk@e@o"><field name="NUM">20</field></block></value></block></value><statement name="DO0"><block type="popup" id="8+7gIt)@|pd!-f1hkC.r"><field name="popuptext">I think you 're getting board!</field></block></statement><next><block type="controls_if" id=":nY^[y^]dZ4s/XAlIQ8d"><value name="IF0"><block type="logic_compare" id="`T-s7dga0^PhFP.zLNPX"><field name="OP">LT</field><value name="A"><block type="singleVar" id="W!F7SnE/}r7Zo~GY79B*"><field name="varName">Energy</field></block></value><value name="B"><block type="math_number" id="GAEfJ)`p}7RO(yN=pMDj"><field name="NUM">30</field></block></value></block></value><statement name="DO0"><block type="popup" id="@xP@j=#K7}b.G90UI3[P"><field name="popuptext">You are overworking!</field></block></statement><next><block type="controls_if" id="Lz/:e+#vg=aSZ+,2W,Ha"><value name="IF0"><block type="logic_compare" id="o|Qld2#s6R_/,5/[UvGJ"><field name="OP">GT</field><value name="A"><block type="singleVar" id=")64!^q:?k(1AY^z{V;I:"><field name="varName">Fun</field></block></value><value name="B"><block type="math_number" id="We.Gz(@N0I#pqrq0?_3H"><field name="NUM">400</field></block></value></block></value><statement name="DO0"><block type="popup" id="PKf~X.^X_m)SGxtTO)~v"><field name="popuptext">I think you go out too much!</field></block></statement></block></next></block></next></block></next></block></xml>