[{"id":42,"description":"Φούρνος","values":{"Ευχαρίστηση":"2","Χρήματα":"-1","Υγεία":"-1","Πείνα":"4"},"imguri":"","layers":"Main","latlng":{"lat":406.3357003598549,"lng":482.2042226250331}},{"id":45,"description":"Fast food","values":{"Ευχαρίστηση":"2","Χρήματα":"-2","Υγεία":"-2","Πείνα":"6"},"imguri":"","layers":"Main","latlng":{"lat":378.57627633105363,"lng":638.1397208059415}},{"id":48,"description":"Σπίτι της Γιαγιάς","values":{"Ευχαρίστηση":"-2","Χρήματα":"15","Υγεία":"1","Πείνα":"7"},"imguri":"","layers":"Main","latlng":{"lat":107.07594406865668,"lng":132.11238553282004}},{"id":51,"description":"Ιταλικό Εστιατόριο","values":{"Ευχαρίστηση":"1","Χρήματα":"-3","Υγεία":"-1","Πείνα":"5"},"imguri":"","layers":"Main","latlng":{"lat":264.1213343949585,"lng":368.5526793552501}},{"id":54,"description":"Καρμπονάρα","values":{"Ευχαρίστηση":"3","Χρήματα":"-10","Υγεία":"1","Πείνα":"-4"},"imguri":"","layers":"italian","isDummy":false,"latlng":{"lat":278.93007988031644,"lng":381.9721165802957}},{"id":55,"description":"Σαλάτα","values":{"Ευχαρίστηση":"-3","Χρήματα":"-6","Υγεία":"3","Πείνα":"-2"},"imguri":"","layers":"Menu","latlng":{"lat":244.0909730127717,"lng":410.57083581759724}},{"id":56,"description":"Πίτσα","values":{"Ευχαρίστηση":"4","Χρήματα":"-12","Υγεία":"-3","Πείνα":"-5"},"imguri":"","layers":"italian","isDummy":false,"latlng":{"lat":287.5361728764496,"lng":577.6413944445286}},{"id":57,"description":"Σόδα","values":{"Ευχαρίστηση":"4","Χρήματα":"-1","Υγεία":"-4","Πείνα":"2"},"imguri":"","layers":"Menu","latlng":{"lat":151.07858398065719,"lng":237.66972173237434}},{"id":58,"description":"Τούρτα","values":{"Ευχαρίστηση":"5","Χρήματα":"-10","Υγεία":"-4","Πείνα":"-3"},"imguri":"","layers":"pastry","isDummy":false,"latlng":{"lat":310.8275286637187,"lng":449.2949274034977}},{"id":59,"description":"Μαύρη Σοκολάτα","values":{"Ευχαρίστηση":"2","Χρήματα":"-5","Υγεία":"1","Πείνα":"-1"},"imguri":"","layers":"pastry","isDummy":false,"latlng":{"lat":331.50429312736304,"lng":720.6498309126683}},{"id":60,"description":"Μπισκότα","values":{"Ευχαρίστηση":"3","Χρήματα":"-4","Υγεία":"-2","Πείνα":"-2"},"imguri":"","layers":"Bakery","isDummy":false,"latlng":{"lat":158.92707269692636,"lng":262.49402648785576}},{"id":61,"description":"Burger","values":{"Ευχαρίστηση":"6","Χρήματα":"-8","Υγεία":"-4","Πείνα":"-4"},"imguri":"","layers":"Menu","latlng":{"lat":255.73602194913187,"lng":573.3421481376697}},{"id":62,"description":"Τηγανητές πατάτες","values":{"Ευχαρίστηση":"4","Χρήματα":"-3","Υγεία":"-5","Πείνα":"-2"},"imguri":"","layers":"Menu","latlng":{"lat":195.72813213935726,"lng":412.0898578541301}},{"id":63,"description":"Τυρόπιτα","values":{"Ευχαρίστηση":"3","Χρήματα":"-2","Υγεία":"-2","Πείνα":"-1"},"imguri":"","layers":"Bakery","isDummy":false,"latlng":{"lat":303.5381080400521,"lng":290.33327586812095}},{"id":64,"description":"Σάντουιτς","values":{"Ευχαρίστηση":"2","Χρήματα":"-6","Υγεία":"-1","Πείνα":"-3"},"imguri":"","layers":"Bakery","isDummy":false,"latlng":{"lat":48.47260754904408,"lng":200.98170356015797}},{"id":65,"description":"Ψητοπωλείο","values":{"Ευχαρίστηση":"1","Χρήματα":"-1","Υγεία":"-1","Πείνα":"7"},"imguri":"","layers":"Main","latlng":{"lat":131.54054054054052,"lng":648.3757184499315}},{"id":68,"description":"Παϊδάκια","values":{"Ευχαρίστηση":"4","Χρήματα":"-2","Υγεία":"-3","Πείνα":"-3"},"imguri":"","layers":"Menu","latlng":{"lat":188.79784988578862,"lng":572.8255947918962}},{"id":69,"description":"Ψητό Κοτόπουλο","values":{"Ευχαρίστηση":"2","Χρήματα":"-7","Υγεία":"1","Πείνα":"-4"},"imguri":"","layers":"Menu","latlng":{"lat":150.2891892505162,"lng":568.0169759206981}},{"id":70,"description":"Μπιφτέκι","values":{"Ευχαρίστηση":"4","Χρήματα":"-8","Υγεία":"1","Πείνα":"-5"},"imguri":"","layers":"Menu","latlng":{"lat":225.26112820289785,"lng":571.5650308497858}},{"id":71,"description":"Φασολάδα","values":{"Ευχαρίστηση":"-10","Χρήματα":"0","Υγεία":"6","Πείνα":"-2"},"imguri":"","layers":"grandmother","latlng":{"lat":280.7331937900269,"lng":728.7514362750976}},{"id":72,"description":"Ψάρι","values":{"Ευχαρίστηση":"-7","Χρήματα":"0","Υγεία":"4","Πείνα":"-2"},"imguri":"","layers":"grandmother","latlng":{"lat":243.8146962262066,"lng":928.4691669239639}},{"id":73,"description":"Μπρόκολο","values":{"Ευχαρίστηση":"-8","Χρήματα":"0","Υγεία":"5","Πείνα":"-1"},"imguri":"","layers":"grandmother","isDummy":false,"latlng":{"lat":261.5621364771176,"lng":18.982879025962394}},{"id":74,"description":"Έξοδος","values":{"Ευχαρίστηση":"0","Χρήματα":"0","Υγεία":"0","Πείνα":"0"},"imguri":"","layers":"Menu","isDummy":true,"latlng":{"lat":37.3240281996215,"lng":711.9846365419419}},{"id":75,"description":"Επιστροφή στην πόλη","values":{"Ευχαρίστηση":"0","Χρήματα":"0","Υγεία":"0","Πείνα":"0"},"imguri":"","layers":"grandmother","isDummy":true,"latlng":{"lat":113.9140070921986,"lng":780.9738302408091}},{"id":76,"description":"Έξοδος από τον φούρνο","values":{"Ευχαρίστηση":"0","Χρήματα":"0","Υγεία":"0","Πείνα":"0"},"imguri":"","layers":"Bakery","isDummy":true,"latlng":{"lat":228.5322385700383,"lng":833.8941795655289}},{"id":77,"description":"Ταβέρνα","values":{"Ευχαρίστηση":"1","Χρήματα":"-1","Υγεία":"-1","Πείνα":"8"},"imguri":"","layers":"Main","isDummy":false,"latlng":{"lat":228.93233141202944,"lng":220.29236038631157}},{"id":80,"description":"Ζαχαροπλαστείο","values":{"Ευχαρίστηση":"2","Χρήματα":"-1","Υγεία":"-1","Πείνα":"9"},"imguri":"","layers":"Main","isDummy":false,"latlng":{"lat":349.31356647185487,"lng":207.63564495056292}},{"id":83,"description":"Ψωμί","values":{"Ευχαρίστηση":"-2","Χρήματα":"-1","Υγεία":"1","Πείνα":"-1"},"imguri":"","layers":"Bakery","isDummy":false,"latlng":{"lat":299.2012788964099,"lng":96.9464599078614}},{"id":84,"description":"Γλυκά","values":{"Ευχαρίστηση":"5","Χρήματα":"-5","Υγεία":"-2","Πείνα":"-1"},"imguri":"","layers":"pastry","isDummy":false,"latlng":{"lat":213.37277929487692,"lng":643.1939882406703}},{"id":85,"description":"Μάφιν","values":{"Ευχαρίστηση":"3","Χρήματα":"-3","Υγεία":"-2","Πείνα":"-2"},"imguri":"","layers":"pastry","isDummy":false,"latlng":{"lat":416.73592870329753,"lng":585.9836243594846}},{"id":86,"description":"Τάρτα","values":{"Ευχαρίστηση":"1","Χρήματα":"-4","Υγεία":"-1","Πείνα":"-1"},"imguri":"","layers":"pastry","isDummy":false,"latlng":{"lat":342.6756756756757,"lng":219.03952988250236}},{"id":87,"description":"Μουσακάς","values":{"Ευχαρίστηση":"-4","Χρήματα":"-6","Υγεία":"2","Πείνα":"-5"},"imguri":"","layers":"Menu","isDummy":false,"latlng":{"lat":192.48364807175952,"lng":234.39512475226195}},{"id":88,"description":"Γεμιστά","values":{"Ευχαρίστηση":"-3","Χρήματα":"-5","Υγεία":"3","Πείνα":"-4"},"imguri":"","layers":"Menu","isDummy":false,"latlng":{"lat":149.82109482092602,"lng":407.2804797435585}},{"id":89,"description":"Φρέσκο Ψάρι","values":{"Ευχαρίστηση":"-5","Χρήματα":"-9","Υγεία":"5","Πείνα":"-3"},"imguri":"","layers":"Menu","isDummy":false,"latlng":{"lat":100.25531914893617,"lng":421.1968428451228}},{"id":90,"description":"Καλαμάρι Τηγανητό","values":{"Ευχαρίστηση":"4","Χρήματα":"-8","Υγεία":"-2","Πείνα":"-3"},"imguri":"","layers":"Menu","isDummy":false,"latlng":{"lat":100.57182198342045,"lng":239.45779161394626}},{"id":91,"description":"Φακές","values":{"Ευχαρίστηση":"-6","Χρήματα":"-4","Υγεία":"4","Πείνα":"-2"},"imguri":"","layers":"Menu","isDummy":false,"latlng":{"lat":238.32624113475177,"lng":235.65501177745878}},{"id":92,"description":"Έξοδος.","values":{"Ευχαρίστηση":"0","Χρήματα":"0","Υγεία":"0","Πείνα":"0"},"imguri":"","layers":"pastry","isDummy":true,"latlng":{"lat":436.1926817387525,"lng":324.0055515509497}},{"id":93,"description":"Τοστ","values":{"Ευχαρίστηση":"1","Χρήματα":"-3","Υγεία":"-2","Πείνα":"-1"},"imguri":"","layers":"Bakery","isDummy":false,"latlng":{"lat":127.88238957348985,"lng":565.8184976545891}},{"id":94,"description":"Ιταλική Σαλάτα","values":{"Ευχαρίστηση":"-3","Χρήματα":"-9","Υγεία":"2","Πείνα":"-3"},"imguri":"","layers":"italian","isDummy":false,"latlng":{"lat":320.1105520821872,"lng":380.45293497084197}},{"id":95,"description":"Μοτσαρέλα","values":{"Ευχαρίστηση":"-1","Χρήματα":"-4","Υγεία":"1","Πείνα":"-1"},"imguri":"","layers":"italian","isDummy":false,"latlng":{"lat":325.39597074351695,"lng":568.0164585767054}},{"id":96,"description":"Έξοδος από το εστιατόριο","values":{"Ευχαρίστηση":"0","Χρήματα":"0","Υγεία":"0","Πείνα":"0"},"imguri":"","layers":"italian","isDummy":true,"latlng":{"lat":356.79939697987294,"lng":98.46858142404182}}]