[{"id":34,"description":"Ξεκούραση στο πάρκο","values":{"Covid_Risk":"Covid_Risk+ rand (5, 10)","Φυσική_Κατάσταση":"-10","Διασκέδαση":"20","Κοινωνική_Ζωή":"25","Χρήματα":"-5"},"imguri":"","layers":"Main","isDummy":false,"latlng":{"lat":54.42205138366498,"lng":78.16529759207603}},{"id":37,"description":"Βόλτα με έναν/μια φίλο/η","values":{"Covid_Risk":"Covid_Risk+ rand (5, 15)","Φυσική_Κατάσταση":"20","Διασκέδαση":"20","Κοινωνική_Ζωή":"30","Χρήματα":"-5"},"imguri":"","layers":"Main","isDummy":false,"latlng":{"lat":134.63285087373964,"lng":202.2764538057003}},{"id":40,"description":"Ποδόσφαιρο","values":{"Covid_Risk":"Covid_Risk+ rand (10, 30)","Φυσική_Κατάσταση":"40","Διασκέδαση":"40","Κοινωνική_Ζωή":"40","Χρήματα":"-10"},"imguri":"","layers":"Main","isDummy":false,"latlng":{"lat":82.96357820545398,"lng":839.3281982778308}},{"id":43,"description":"Τράπεζα","values":{"Covid_Risk":"Covid_Risk+ rand (30, 35)","Φυσική_Κατάσταση":"5","Διασκέδαση":"-30","Κοινωνική_Ζωή":"8","Χρήματα":"50"},"imguri":"","layers":"Main","isDummy":false,"latlng":{"lat":279.45722972003364,"lng":191.37485701595278}},{"id":46,"description":"Μανάβικο","values":{"Covid_Risk":"Covid_Risk+ rand (15, 25)","Φυσική_Κατάσταση":"10","Διασκέδαση":"-25","Κοινωνική_Ζωή":"15","Χρήματα":"-30"},"imguri":"","layers":"Main","isDummy":false,"latlng":{"lat":269.0380599283285,"lng":750.4342691824967}},{"id":49,"description":"Σούπερ Μάρκετ","values":{"Covid_Risk":"Covid_Risk+ rand (30, 35)","Φυσική_Κατάσταση":"15","Διασκέδαση":"-20","Κοινωνική_Ζωή":"23","Χρήματα":"-20"},"imguri":"","layers":"Main","isDummy":false,"latlng":{"lat":326.5534812074188,"lng":624.7900429666114}},{"id":52,"description":"Σπίτι","values":{"Covid_Risk":"Covid_Risk+ -2","Φυσική_Κατάσταση":"-5","Διασκέδαση":"-5","Κοινωνική_Ζωή":"-8","Χρήματα":"2"},"imguri":"","layers":"Main","isDummy":false,"latlng":{"lat":362.88341498164266,"lng":401.0453030377018}},{"id":55,"description":"Πολυκατάστημα","values":{"Covid_Risk":"Covid_Risk+ rand (30, 35)","Φυσική_Κατάσταση":"10","Διασκέδαση":"50","Κοινωνική_Ζωή":"50","Χρήματα":"-40"},"imguri":"","layers":"Main","isDummy":false,"latlng":{"lat":291.53850334799256,"lng":35.27635268751871}},{"id":58,"description":"Τρέξιμο","values":{"Covid_Risk":"Covid_Risk+ rand (-15, -20)","Φυσική_Κατάσταση":"50","Διασκέδαση":"10","Κοινωνική_Ζωή":"-25","Χρήματα":"-10"},"imguri":"","layers":"Main","isDummy":false,"latlng":{"lat":170.97261783962063,"lng":427.97859599604135}},{"id":61,"description":"Τηλεκπαίδευση","values":{"Covid_Risk":"Covid_Risk+ rand (-20, -25)","Φυσική_Κατάσταση":"-35","Διασκέδαση":"-30","Κοινωνική_Ζωή":"10","Χρήματα":"60"},"imguri":"","layers":"bedroom","isDummy":false,"latlng":{"lat":175.47759448822146,"lng":200.03349007231603}},{"id":62,"description":"Ύπνος","values":{"Covid_Risk":"Covid_Risk+ rand (-15, -20)","Φυσική_Κατάσταση":"-25","Διασκέδαση":"-20","Κοινωνική_Ζωή":"-20","Χρήματα":"0"},"imguri":"","layers":"bedroom","isDummy":false,"latlng":{"lat":168.5533367261309,"lng":475.62124567512814}},{"id":63,"description":"Διάβασμα","values":{"Covid_Risk":"Covid_Risk+ rand (-15, -20)","Φυσική_Κατάσταση":"-20","Διασκέδαση":"5","Κοινωνική_Ζωή":"-15","Χρήματα":"-4"},"imguri":"","layers":"bedroom","isDummy":false,"latlng":{"lat":249.80850690180404,"lng":742.8911114070187}},{"id":64,"description":"Ταινία/Σειρά","values":{"Covid_Risk":"Covid_Risk+ rand (-15, -20)","Φυσική_Κατάσταση":"-30","Διασκέδαση":"30","Κοινωνική_Ζωή":"-10","Χρήματα":"-10"},"imguri":"","layers":"bedroom","isDummy":false,"latlng":{"lat":155.64661335783222,"lng":70.47019198738818}},{"id":65,"description":"Βίντεο-κλίση με φίλους","values":{"Covid_Risk":"Covid_Risk+ rand (-20, -25)","Φυσική_Κατάσταση":"-25","Διασκέδαση":"25","Κοινωνική_Ζωή":"30","Χρήματα":"-6"},"imguri":"","layers":"bedroom","isDummy":false,"latlng":{"lat":223.66633325915447,"lng":89.81959997743675}},{"id":66,"description":"Γυμναστική","values":{"Covid_Risk":"Covid_Risk+ rand (-20, -25)","Φυσική_Κατάσταση":"30","Διασκέδαση":"15","Κοινωνική_Ζωή":"-10","Χρήματα":"-6"},"imguri":"","layers":"bedroom","isDummy":false,"latlng":{"lat":68.98832812072564,"lng":566.9803637287905}},{"id":67,"description":"Έξοδος από το σπίτι","values":{"Covid_Risk":"Covid_Risk+ 5","Φυσική_Κατάσταση":"2","Διασκέδαση":"5","Κοινωνική_Ζωή":"5","Χρήματα":"-2"},"imguri":"","layers":"bedroom","isDummy":false,"latlng":{"lat":245.92715663410732,"lng":327.23663034802485}},{"id":68,"description":"Καραντίνα 14 μέρες","values":{"Covid_Risk":"Covid_Risk+ -80","Φυσική_Κατάσταση":"-60","Διασκέδαση":"-40","Κοινωνική_Ζωή":"-30","Χρήματα":"-50"},"imguri":"","layers":"bedroom","isDummy":false,"latlng":{"lat":250.48352131685527,"lng":519.0316170526374}},{"id":69,"description":"Πάρτυ γενεθλίων","values":{"Covid_Risk":"Covid_Risk+ rand (25, 65)","Φυσική_Κατάσταση":"15","Διασκέδαση":"35","Κοινωνική_Ζωή":"61","Χρήματα":"-10"},"imguri":"","layers":"Main","isDummy":false,"latlng":{"lat":361.9549244190856,"lng":123.05163819216439}},{"id":72,"description":"Online Παιχνίδια","values":{"Covid_Risk":"Covid_Risk+ rand (-15, -20)","Φυσική_Κατάσταση":"-30","Διασκέδαση":"30","Κοινωνική_Ζωή":"-15","Χρήματα":"-40"},"imguri":"","layers":"bedroom","isDummy":false,"latlng":{"lat":187.59764701816613,"lng":71.28448225342994}}]