<xml xmlns="http://www.w3.org/1999/xhtml"><block type="initialvalues" id="7%pi|u/wU`(M`t7@0~7Z" x="88" y="88"><statement name="Initial Values"><block type="initialValue" id="id1"><field name="varName">Φυσική_Κατάσταση</field><value name="varVal"><block type="math_number" id="var1"><field name="NUM">50</field></block></value><next><block type="initialValue" id="id2"><field name="varName">Covid_Risk</field><value name="varVal"><block type="math_number" id="var2"><field name="NUM">5</field></block></value><next><block type="initialValue" id="Refc^@t0~(F5z#SDRPts"><field name="varName">Διασκέδαση</field><value name="varVal"><block type="math_number" id="zG=q8~G9SY5KT6.P(Z/J"><field name="NUM">50</field></block></value><next><block type="initialValue" id="u(2?J}6=U%jF3XXA_GP="><field name="varName">Κοινωνική_Ζωή</field><value name="varVal"><block type="math_number" id="nVy+16%(yC+C~7r9#8-e"><field name="NUM">50</field></block></value><next><block type="initialValue" id="*F8fg-Rc+lh9z0dCxhcg"><field name="varName">Χρήματα</field><value name="varVal"><block type="math_number" id="ef0nDdgd2RxMtSLK+:#0"><field name="NUM">50</field></block></value></block></next></block></next></block></next></block></next></block></statement></block></xml>