<xml xmlns="http://www.w3.org/1999/xhtml"><block type="controls_if" id="oUgd{3K~U[F@#aF]}ygA" x="619" y="92"><value name="IF0"><block type="logic_compare" id="~a@gT-aydG21O-1G.sjK"><field name="OP">LT</field><value name="A"><block type="singleVar" id="RTuC:_mI#d@k69q|ly)+"><field name="varName">Φυσική_Κατάσταση</field></block></value><value name="B"><block type="math_number" id="qIM#58w_X12vI;dXPueD"><field name="NUM">5</field></block></value></block></value><statement name="DO0"><block type="popup" id="[XMzb=tiZEwjnqR(]mUV"><field name="popuptext">Η φυσική σου κατάσταση είναι πολύ κακή! Πρεπει να γυμνάζεσαι ακόμα και τώρα! Game Over</field><next><block type="gameover" id="MLR/6i}9oB6st5-+BGN}"></block></next></block></statement><next><block type="controls_if" id="pCo/E,doV0+z%_w}^PL/"><value name="IF0"><block type="logic_compare" id="czrT^Z(~/Yk)*mbtptt7"><field name="OP">GT</field><value name="A"><block type="singleVar" id="]?:o@%^#OnEwZqdQ,g#1"><field name="varName">Covid_Risk</field></block></value><value name="B"><block type="math_number" id="3Ws2zwO.a5IH.?tumFtc"><field name="NUM">90</field></block></value></block></value><statement name="DO0"><block type="popup" id="^peG[Q0/pEH5)C9t5b+X"><field name="popuptext">Έπαθες covid! Game is over</field><next><block type="gameover" id="NVF[l`*b1vLu6#LM@#Bv"></block></next></block></statement><next><block type="controls_if" id="q!m*ic)o%M+HQ*7MsvU?"><value name="IF0"><block type="logic_compare" id="j6/BO[Xx:;/Z3l@ogT#e"><field name="OP">LT</field><value name="A"><block type="singleVar" id="J5:Xn%gC]#L6vK4vPP3g"><field name="varName">Διασκέδαση</field></block></value><value name="B"><block type="math_number" id="}(P?@[F=`IfXJRQ=ia=8"><field name="NUM">5</field></block></value></block></value><statement name="DO0"><block type="popup" id="6*P9HuZ{rK/@5LA{bm_g"><field name="popuptext">Δεν διασκεδάζεις καθόλου. Game is over</field><next><block type="gameover" id="gnlqns107Aih-iR],7x0"></block></next></block></statement><next><block type="controls_if" id="#y5;w_KV@lu00rBtWaY{"><value name="IF0"><block type="logic_compare" id="J4FOccz,5lq6H;~yIPlX"><field name="OP">LT</field><value name="A"><block type="singleVar" id="SAMNV}W}cP)dwPg3h{!b"><field name="varName">Κοινωνική_Ζωή</field></block></value><value name="B"><block type="math_number" id="*MLxa_O#vHxfTz?=5Fmp"><field name="NUM">5</field></block></value></block></value><statement name="DO0"><block type="popup" id="_~lSY3gx6Kc=:dr.6`gz"><field name="popuptext">Πρέπει να έρχεσαι σε επικοινωνία με άλλους, κι ας έχουμε πανδημία! Game is over</field><next><block type="gameover" id="_nBlAID_182U2`gjm3ck"></block></next></block></statement><next><block type="controls_if" id="a7Pv#lv`dU(EFC@VLYh5"><value name="IF0"><block type="logic_compare" id="!:9g92At48UEE24rK9.w"><field name="OP">LT</field><value name="A"><block type="singleVar" id="DVyWPfU=gcxkzQI=uGnk"><field name="varName">Χρήματα</field></block></value><value name="B"><block type="math_number" id="Zi|](]CP#R[eigp%-x.v"><field name="NUM">0</field></block></value></block></value><statement name="DO0"><block type="popup" id="FPZv1,Gq4?=:JBTa@gG)"><field name="popuptext">Σου τελείωσαν τα χρήματα! Game is over</field><next><block type="gameover" id="%)01*Nc+YyqSk}dufmG!"></block></next></block></statement></block></next></block></next></block></next></block></next></block></xml>